Gender Role,Region of Ancestry: Africa,Region of Ancestry: East Asia and the Pacific,Region of Ancestry: Europe and Central Asia,Region of Ancestry: South Asia,Region of Ancestry: Middle East and North Africa,Region of Ancestry: Latin America and The Carribean,Current Region of Occupancy: West Coast,Current Region of Occupancy: The Midwest,Current Region of Occupancy: East Coast,Current Region of Occupancy: The South,Current Region of Occupancy: The North,Ethnicity: Black,Ethnicity: Caucasian,Ethnicity: Asian,Ethnicity: Hispanic or Latino,Ethnicity: Middle Eastern,Biological Gender,Education: Associate Degree,Education: Master's Degree,Education: High School Degree,Education: Trade School,Education: Bachelor's Degree,Education: Did not graduate high school,Education: Professional Degree,Income Range,Occupation: Unemployed,"Occupation: Professional, e.g. doctor, lawyer, teacher, executive",Occupation: Other,"Occupation: Specialist, e.g. technician, carpenter, hairdresser","Occupation: Office work, e.g. clerk, salesperson, secretary",Occupation: Retired,"Occupation: Service Industry, e.g. Farm labor, food service, house cleaner",Occupation: Student,Occupation: Homemaker,Political Affiliation,Age Group,Preferred Film Genre: Romance,Preferred Film Genre: Horror,Preferred Film Genre: Comedy,Preferred Film Genre: Drama,Preferred Film Genre: Historical,Preferred Film Genre: Animation,Preferred Film Genre: Documentary,Preferred Film Genre: Adventure,Preferred Film Genre: Fiction,Preferred Music Genre: Rap,Preferred Music Genre: Rock,Preferred Music Genre: Classical,Preferred Music Genre: Pop,Preferred Music Genre: R&B,Preferred Music Genre: Metal,Preferred Music Genre: Hip-Hop,Preferred Music Genre: Punk,Preferred Music Genre: Blues,Average time spent on Internet (in hours),Number of children,Number of vehicles owned,Marital Status: Single,Marital Status: Married,Marital Status: Divorced,Marital Status: In a relationship,Marital Status: Widowed,Joke 1,Joke 2,Joke 3,Joke 4,Joke 5,Joke 6,Joke 7,Joke 8,Joke 9,Joke 10,Joke 11,Joke 12,Joke 13,Joke 14,Joke 15,Joke 16,Joke 17,Joke 18,Joke 19,Joke 20,Joke 21,Joke 22,Joke 23,Joke 24,Joke 25,Joke 26,Joke 27,Joke 28,Joke 29,Joke 30,Joke 31,Joke 32,Joke 33,Joke 34,Joke 35,Joke 36,Joke 37,Joke 38,Joke 39,Joke 40,Joke 41,Joke 42,Joke 43,Joke 44,Joke 45,Joke 46,Joke 47,Joke 48,Joke 49,Joke 50,Joke 51,Joke 52,Joke 53,Joke 54,Joke 55,Joke 56,Joke 57,Joke 58,Joke 59,Joke 60,Joke 61,Joke 62,Joke 63,Joke 64,Joke 65,Joke 66,Joke 67,Joke 68,Joke 69,Joke 70,Joke 71,Joke 72,Joke 73,Joke 74,Joke 75,Joke 76,Joke 77,Joke 78,Joke 79,Joke 80,Joke 81,Joke 82,Joke 83,Joke 84,Joke 85,Joke 86,Joke 87,Joke 88,Joke 89,Joke 90,Joke 91,Joke 92,Joke 93,Joke 94,Joke 95,Joke 96,Joke 97,Joke 98,Joke 99,Joke 100,Joke 101,Joke 102,Joke 103,Joke 104,Joke 105,Joke 106,Joke 107,Joke 108,Joke 109,Joke 110,Joke 111,Joke 112,Joke 113,Joke 114,Joke 115,Joke 116,Joke 117,Joke 118,Joke 119,Joke 120
-0.317,1,-1,-1,-1,-1,-1,1,-1,-1,-1,-1,1,-1,-1,-1,-1,1,1,-1,-1,-1,-1,-1,-1,0,1,-1,-1,-1,-1,-1,-1,-1,-1,-0.01585,3,-1,-1,1,1,-1,1,1,1,1,1,-1,-1,-1,-1,-1,-1,-1,-1,3,0,0,1,-1,-1,-1,-1,0,-0.99,-0.99,-0.98,-0.48,-0.99,-0.99,-0.01,0,-0.43,-1,-1,0,0,0.44,0.56,0.46,1,0,1,-0.01,-1,-1,-1,0.44,-0.01,0.37,0.03,1,-1,0.43,1,0,-1,-1,-1,-0.58,-0.55,-1,1,0.7,-1,-0.97,1,-1,-1,-1,-0.99,-0.97,1,-0.02,-1,-0.98,0.02,-1,-1,0.02,0,-1,-1,-1,-1,-1,-1,-1,0.5,-1,-1,-1,-1,0,-1,-1,-1,-0.03,-1,-1,-1,-0.5,-1,-1,-1,-1,-1,-1,-1,-1,-1,0.5,-1,0.01,0.01,-1,0.01,-1,-1,-1,-1,-1,0,-1,-0.46,-0.52,0,-0.01,-1,-0.37,0.02,0.54,-1,-1,-1,-1,0.01,-1,-1,-0.52,-1,-1,-1
-0.31,-1,1,-1,-1,-1,-1,1,-1,-1,-1,-1,-1,1,-1,-1,-1,-1,-1,1,-1,-1,-1,-1,-1,5,-1,1,-1,-1,-1,-1,-1,-1,-1,-0.0155,3,-1,1,-1,1,1,-1,1,1,1,-1,1,-1,-1,-1,-1,-1,-1,-1,2,2,2,-1,1,-1,-1,-1,-0.61,-0.02,0.28,0.21,-0.02,0.46,0.44,0.48,0.56,0.31,-0.49,-0.49,-0.56,0.09,0.3,-0.48,-0.54,0.53,0.18,0.55,-0.6,0.41,-0.51,-0.41,0.32,0.57,0.17,0.01,-0.72,0.39,-0.53,0.56,0.18,-0.54,-0.47,0.3,-0.5,-0.64,-0.77,-0.57,0.39,0.29,-0.8,0.13,-0.53,0.41,0.17,-0.59,0.29,0.24,0.14,-0.45,-0.47,0.33,-0.44,-0.48,-0.85,0.4,-0.4,-0.81,-0.89,-0.56,-0.73,-0.74,-0.7,0.44,0.34,-0.48,-0.58,-0.79,-0.76,-0.8,-0.74,-0.7,0.43,0.48,0.29,-0.31,0.33,-0.41,-0.51,-0.98,0.53,0.42,0.53,-0.98,0.27,-0.94,0.43,-0.98,-0.56,0,0.39,-0.41,-0.68,-0.63,-0.58,0.17,-0.94,0.67,0.61,-0.66,0.44,0.44,-0.63,-0.99,0.39,-0.5,0.64,0.37,-0.84,-0.64,-0.97,-0.91,-0.56,-0.99,0.51,-0.99,-0.79,-0.76
-0.483,-1,-1,1,-1,-1,-1,-1,1,-1,-1,-1,-1,1,-1,-1,-1,-1,-1,-1,1,-1,-1,-1,-1,4,-1,-1,1,-1,-1,-1,-1,-1,-1,-0.02415,3,-1,1,1,1,1,-1,1,1,1,-1,-1,1,-1,-1,-1,-1,-1,-1,4,3,3,-1,1,-1,-1,-1,0.07,0.27,0.49,-0.11,0.5,-0.97,0.1,-1,0.75,0.11,-0.3,-0.75,-0.18,-1,0.41,0.21,-1,-1,0.41,0.29,0.45,0.62,-1,-1,0.61,-1,0.16,-0.3,0.24,0.29,0.24,-0.62,-0.96,-0.22,0.8,0.41,0.19,-0.52,0.18,0.33,0.56,-0.59,-0.29,0.6,-0.99,0.3,-1,0.18,1,0.11,-0.28,0.34,0.49,0.2,0.66,-0.97,-1,0.59,0.46,0.66,0.22,0.3,0.17,0.65,0.3,0.25,0.7,-1,0.98,-0.99,-0.37,0.83,-0.99,-0.35,0.64,0.99,0.11,-1,0.21,0.38,0.49,-0.97,0.37,0.36,0.52,-1,-0.52,0.19,0.2,-0.21,0.51,-0.51,1,0.68,0.3,0.71,0.48,0.13,-0.99,0.46,-0.42,0.15,-1,0.47,0.43,-0.6,0.86,0.31,-0.97,0.65,0.27,-1,-0.26,0.69,0.3,-0.77,0.49,-0.72,0.31,0.19
-0.311,-1,-1,1,-1,-1,-1,1,-1,-1,-1,-1,-1,1,-1,-1,-1,-1,-1,-1,-1,1,-1,-1,-1,1,-1,-1,1,-1,-1,-1,-1,-1,-1,-0.01555,5,-1,-1,-1,1,-1,-1,-1,-1,-1,-1,-1,-1,1,-1,-1,-1,-1,-1,4,1,0,-1,-1,1,-1,-1,-0.98,-0.92,-0.64,0.18,0.35,0.97,0.22,0,-0.4,0.33,0.76,0.33,-0.34,0.25,0.54,0.37,-0.38,-0.3,-0.3,0.75,-0.95,0.3,-0.95,0.43,0.38,0.3,0.7,0.73,0.64,0.61,0.81,0,-0.68,0,0.19,0.82,0.87,0.62,0,0.37,-0.38,0,0,0.44,0.44,0,-0.31,0.3,0.58,0.74,0.78,0.73,0.87,0.26,0,-0.4,-0.98,-0.34,0.74,-0.43,-0.91,-0.37,-0.31,-0.79,0.3,0.56,0.32,-0.88,0.88,-0.6,-0.86,0.2,-0.76,-0.61,-0.88,0.82,-0.91,-0.71,-0.22,0,0.49,-0.91,-0.8,0.91,0.28,0.19,0.44,0.91,0.59,-0.87,0.17,0.48,0.4,0.35,0.79,0.41,0.83,0.49,-0.93,0.52,-0.29,-0.48,-0.29,0.37,0.49,0.45,0.43,0.86,0.5,-0.38,0.24,-0.74,-0.97,0.92,0.29,-0.95,-0.92,-0.86,0.56,0.2
0.324,-1,-1,-1,1,-1,-1,-1,1,-1,-1,-1,-1,-1,1,-1,-1,1,1,-1,-1,-1,-1,-1,-1,2,-1,-1,-1,1,-1,-1,-1,-1,-1,0.0162,3,-1,-1,1,-1,-1,-1,1,-1,-1,-1,1,-1,-1,-1,-1,-1,-1,-1,4,0,1,1,-1,-1,-1,-1,-0.84,0.33,0.77,1,0.11,-0.45,0.22,0.17,0.45,-0.33,0.39,0.27,-0.73,0.42,0.47,-0.11,0.32,0.81,-0.48,0.62,0.35,0.61,-1,-0.68,0.21,-0.54,0.33,-0.87,0.65,0.35,0.38,-0.41,-0.47,-1,0.98,0.59,0.25,0.66,-0.68,0.49,0.66,-1,0.26,0.59,0.23,0.37,-0.77,0.24,0.54,-0.39,0.54,-0.4,-0.52,0.53,0.67,-0.57,0.35,0.65,-0.45,-0.73,0.31,0.19,0.22,0.21,-0.77,0.37,0.58,0.23,-0.34,-0.51,0.55,0.25,-0.24,0.67,0.63,1,-0.82,-0.84,0.58,1,0.67,0.31,-0.51,0.28,0.49,0.17,0.11,-0.82,0.53,0.17,0.66,0.45,0.56,0.5,0.53,0.26,0.37,-0.58,-1,-0.1,0.14,0.43,0.61,0.28,-0.43,-0.4,0.45,-1,1,0.35,-0.25,-0.76,-0.82,0.89,0.49,-1,0.27,-0.89,-0.6,-0.36
-0.546,-1,-1,1,-1,-1,-1,1,-1,-1,-1,-1,-1,1,-1,-1,-1,-1,-1,-1,1,-1,-1,-1,-1,1,-1,-1,1,-1,-1,-1,-1,-1,-1,-0.0273,3,-1,1,-1,-1,-1,-1,-1,-1,-1,-1,-1,1,-1,-1,-1,-1,-1,-1,4,2,1,-1,-1,1,-1,-1,0.13,-0.7,0.2,1,-1,-1,1,-0.88,-0.77,0.14,-0.57,-0.46,1,0.17,0.18,-1,-0.6,-1,-1,0.28,-1,1,-1,0.23,0.32,0.2,-1,-0.85,-0.59,-1,-1,-1,-1,-1,-1,-1,-1,-1,-1,-1,-1,-0.54,-1,0.43,-1,-1,-1,-1,-1,-1,-1,-1,-1,-1,-1,-1,-1,-1,-1,-1,-1,-1,-1,-1,-1,-1,-1,-1,-1,-1,-1,-1,-1,-1,0.21,-1,1,-1,-1,-1,1,-1,-1,-0.59,-0.67,-0.85,-0.7,-0.87,-1,-1,-1,-0.62,-0.92,-0.82,-1,0.47,-1,-1,-1,-1,-1,-1,-0.73,-0.68,-0.54,-0.79,-0.7,-0.75,-0.94,-0.86,-0.92,-0.84,-0.83,-0.78,-0.71,0.48,-0.9,-0.95,-0.85,-0.78
-0.58,-1,-1,1,-1,-1,-1,-1,1,-1,-1,-1,-1,1,-1,-1,-1,-1,-1,1,-1,-1,-1,-1,-1,5,-1,1,-1,-1,-1,-1,-1,-1,-1,-0.029,3,1,-1,1,1,1,1,1,1,1,-1,1,-1,-1,-1,-1,-1,-1,-1,4,3,2,-1,1,-1,-1,-1,-0.68,0.51,0.34,0.35,0.17,-0.63,-0.55,-0.62,0.65,-0.32,0.69,-0.78,0.03,0.28,0.54,-0.34,-0.85,-0.02,-0.38,0.66,-0.56,-0.76,-0.98,-0.76,0.26,0.38,0.52,0.44,0.48,0.46,-0.96,0.46,0.39,-0.89,-0.33,-0.39,0.16,-0.38,0.49,0.4,0.43,-0.54,-0.56,-0.9,0.63,0.6,-0.56,0.39,0.32,0.32,0.31,0.01,-0.37,0.33,0.53,0,-0.98,0.14,0.47,0,-0.44,0.26,0.25,0.08,0.03,0.46,0.45,-0.65,0.01,-0.61,-0.82,0.27,0,0,-0.29,-0.47,0.05,-0.43,0.44,-0.6,-0.97,-0.97,0.13,-0.94,-0.94,-0.97,-0.97,-0.52,0.31,-0.98,0.33,0.36,0.61,-0.27,0.61,-0.93,0.32,-0.29,-0.97,-0.98,-0.64,-0.61,-0.67,0.26,-0.82,0.23,0.3,-0.51,-0.51,-0.59,-0.96,-0.97,-0.98,0.19,-0.37,-0.96,0.2,-0.58,0,0.13
-0.558,-1,-1,1,-1,-1,-1,-1,-1,1,-1,-1,-1,1,-1,-1,-1,-1,1,-1,-1,-1,-1,-1,-1,3,-1,-1,-1,-1,1,-1,-1,-1,-1,-0.0279,5,-1,1,1,1,-1,-1,1,-1,-1,-1,1,-1,-1,-1,-1,-1,-1,-1,4,2,1,-1,1,-1,-1,-1,-0.81,-1,0.47,-1,-0.79,-1,-1,-0.92,-1,-0.59,0.52,0.45,-0.85,0.54,0.65,-0.96,-0.95,-0.92,-1,-0.96,-0.88,-1,-1,0.48,0.44,0.57,0.65,0.41,0.71,-0.92,-1,-0.95,-0.94,-1,-1,-1,0.51,-0.74,-1,0.37,0.75,-1,-0.96,-1,-1,-1,-1,-0.19,-0.19,-0.99,-0.2,-1,-1,-1,-1,-1,-1,-1,-1,-1,-0.91,-1,-1,-0.96,-1,-0.87,0.65,-1,-1,-0.95,-1,-1,-1,-1,-1,-0.83,-1,-0.93,-1,-0.17,-0.62,-1,-1,-0.4,-1,-0.99,0.48,-1,-1,-1,-1,0.57,0.49,-0.89,-0.85,-0.81,-0.92,-0.19,-1,0.62,-0.98,-0.96,0.47,0.53,0.53,-0.81,0.54,-1,-1,-1,-0.92,-1,-1,-0.83,-0.53,0.54,-0.97,0.78,-0.88,0.72
-0.707,-1,-1,1,-1,-1,-1,-1,1,-1,-1,-1,-1,1,-1,-1,-1,-1,-1,1,-1,-1,-1,-1,-1,2,-1,1,-1,-1,-1,-1,-1,-1,-1,-0.03535,4,1,-1,1,1,-1,-1,1,-1,-1,-1,-1,1,-1,-1,-1,-1,-1,-1,4,1,1,-1,1,-1,-1,-1,-0.49,0.73,0.58,-0.84,0.11,0.17,0.37,0.89,0.79,0.3,0.57,0.1,0.73,0.1,0.6,0.34,0.31,1,0.53,0.55,0.7,0.98,0.01,1,1,0.08,0.4,0.81,0.21,0.47,0,0.41,-0.01,-0.26,0.06,0.11,0.06,0.13,0.06,0.63,0.11,0.22,-0.08,0.53,0.25,0.21,0.09,0.14,0.23,0.21,0.23,0.01,0.37,0.24,0.38,0.16,-0.13,0.47,0.08,0.05,-0.13,0.45,0.51,0.58,0.25,0.35,0.13,0.08,0.16,0.02,-0.41,0.42,0.1,-0.2,-0.43,1,1,0.12,0.21,0.19,-0.01,0.06,0.05,0.42,0.16,0.37,0.46,0.09,0.8,0.05,0.57,0.98,1,0.28,0.38,1,0.27,0.65,-0.36,0.17,0.23,0.12,0.59,0.61,0.15,0.81,0.06,0.1,0.07,0.07,0.32,0.12,0.14,0.41,0.14,-0.07,0.19,0,0.05,0.09
-0.22,-1,-1,1,-1,-1,-1,-1,1,-1,-1,-1,-1,1,-1,-1,-1,1,1,-1,-1,-1,-1,-1,-1,1,-1,-1,-1,-1,-1,1,-1,-1,-1,-0.011,5,-1,1,1,-1,1,-1,1,-1,-1,-1,1,-1,-1,-1,-1,-1,-1,-1,4,3,2,-1,1,-1,-1,-1,0.72,-0.89,0.75,0.87,0.17,-0.97,0,0,0.25,0.27,0.52,0.45,0.47,0.71,0.93,0.86,0.88,0.96,1,1,1,1,0.77,0.96,1,1,1,0.78,1,1,1,1,1,0.84,1,1,0.47,1,0.54,0.99,0.99,0.99,0.24,1,0.99,1,0.47,0.77,0.99,1,0,0.03,1,1,1,0.02,1,0.99,0.95,0.82,0.21,1,0.94,0.61,0.87,1,1,0.98,1,-0.86,0.87,0.88,-0.93,0.66,0.76,0.98,0.63,0.01,1,0.64,0.61,-0.95,0.99,0.99,0.9,-1,0.82,0.58,1,0.94,0.59,1,1,0.99,0.68,0.9,1,0.56,0.21,1,-0.87,-0.01,0.42,0.58,-0.72,0.92,0.91,1,0.74,0.81,1,0,0.01,1,0.99,1,0.75,0.55,0.53,1
-0.622,-1,-1,1,-1,-1,-1,1,-1,-1,-1,-1,-1,1,-1,-1,-1,-1,-1,-1,-1,-1,1,-1,-1,1,-1,-1,-1,-1,-1,1,-1,-1,-1,-0.0311,5,1,1,1,1,-1,-1,1,-1,-1,-1,-1,-1,1,-1,-1,-1,-1,-1,3,2,2,-1,1,-1,-1,-1,-0.74,0.09,0.3,0.23,0.08,-0.28,0.09,-0.16,0.33,0.4,0.73,-0.14,0.51,0.66,0.58,0.13,-0.17,0.14,0.62,0.54,-0.17,-0.05,-0.35,-0.08,0.53,-0.13,0.52,0.76,0.32,0.45,0.12,0.48,-0.35,-0.72,0.59,0.04,0.52,0.16,-0.06,0.39,0.47,0.11,0.17,0.41,-0.06,0.11,0.15,0.64,0.37,0.19,0.16,0.22,0.69,-0.09,0.1,0.09,-0.34,0.15,-0.08,-0.06,0.08,0.56,0.54,0.61,0.45,0.19,0.31,-0.25,0.19,-0.22,-0.16,0.45,-0.2,-0.12,-0.19,0.35,0.42,-0.43,0.38,-0.19,-0.25,-0.21,-0.18,0.34,0.08,0.15,-0.78,0.19,-0.06,-0.42,0.4,-0.19,0.58,0.46,0.3,-0.14,-0.21,0.17,-0.72,0.68,0.6,-0.22,0.23,0.58,-0.21,0.59,0.76,0.18,-0.18,-0.09,0.11,0.46,-0.28,0.37,0.56,-0.72,0.21,-0.27,-0.1,0.12
0.024,-1,-1,1,-1,-1,-1,-1,1,-1,-1,-1,-1,1,-1,-1,-1,1,-1,-1,-1,1,-1,-1,-1,0,1,-1,-1,-1,-1,-1,-1,-1,-1,0.0012,2,-1,-1,1,1,-1,1,1,1,-1,-1,1,-1,-1,-1,-1,-1,-1,-1,3,0,0,-1,-1,-1,1,-1,0.26,-0.38,0.07,0.29,0.09,-0.23,-0.21,0.13,-0.29,-0.4,-0.41,-0.29,-0.24,-0.22,0.15,-0.23,-0.25,-0.16,-0.12,0.18,-0.18,0.23,0.24,-0.18,-0.25,-0.23,-0.22,-0.35,-0.16,-0.13,0.1,0.23,0.15,-0.23,-0.22,-0.12,-0.19,-0.33,-0.47,-0.27,-0.17,-0.24,-0.15,0.2,0.14,0.13,-0.21,-0.14,-0.25,-0.16,-0.24,-0.22,-0.36,-0.1,0.08,-0.14,-0.16,-0.12,0.17,-0.15,-0.23,-0.19,-0.16,-0.14,-0.2,0.19,-0.18,0.23,-0.2,-0.18,-0.16,-0.19,-0.18,0.09,-0.16,-0.16,0.12,0.11,-0.16,-0.12,-0.14,-0.21,0.14,0.09,-0.24,-0.14,0.12,-0.14,-0.15,-0.15,-0.16,0.17,-0.17,0.12,-0.11,0.07,-0.16,0.13,0.16,-0.11,-0.12,0.05,0.14,-0.17,-0.12,0.15,-0.18,-0.17,-0.09,0.06,-0.17,-0.14,-0.26,-0.13,-0.17,0.01,-0.08,0.06,0.09,0.06
-0.139,-1,-1,1,-1,-1,-1,1,-1,-1,-1,-1,-1,1,-1,-1,-1,-1,-1,-1,-1,-1,1,-1,-1,1,-1,-1,-1,-1,1,-1,-1,-1,-1,-0.00695,5,1,-1,1,1,1,1,1,-1,1,-1,-1,1,-1,-1,-1,-1,-1,-1,4,1,1,-1,-1,-1,-1,1,-0.48,0.02,0.5,0.09,0.09,0.69,0.74,0.08,-0.01,0.2,0.77,0.73,0.68,0.09,0.51,0.3,0.11,-0.5,0.5,-0.51,-0.48,0.48,-0.92,-0.06,0.72,0.52,0.81,0.35,0.67,0.74,0.5,-0.08,0.77,0.08,0.71,0.85,0.72,0.7,0.66,0.86,0.3,-0.98,0.47,0.69,0.5,-0.51,-1,0.44,0.76,0.85,0.09,-0.77,0.4,0.09,0.22,0.08,-0.03,0.78,0.15,-1,0.17,0.2,0.43,0.43,0.79,0.6,0.56,-1,0.77,0.06,0.01,0.51,-0.92,0.55,0.22,0.8,-1,-0.02,0.26,0.77,-0.3,0.1,-0.09,0.24,0.32,0.53,0.12,0.56,0,-1,0.77,-0.01,0.91,0.76,0.77,-0.55,0.75,0.51,-1,-1,-1,1,-0.07,0.72,0.1,0.82,0.82,0.52,0.5,0.5,-0.09,0.25,0.02,0.84,0.16,-1,0.74,0.03,0.43,0.28
-0.062,-1,-1,1,-1,-1,-1,-1,-1,-1,1,-1,-1,1,-1,-1,-1,-1,-1,-1,-1,-1,1,-1,-1,2,-1,1,-1,-1,-1,-1,-1,-1,-1,-0.0031,4,-1,-1,1,-1,-1,-1,1,1,-1,-1,-1,-1,1,-1,-1,-1,-1,-1,2,2,2,-1,1,-1,-1,-1,-0.26,0.02,0.44,0,-0.34,-0.49,0.14,0.16,0.12,-0.21,0.21,-0.23,0.11,0.32,0.14,0,-0.37,-0.89,0.58,-0.54,-0.3,0.21,-0.3,0.25,0.57,0.15,0.63,0.1,0.28,0.18,0.01,-0.3,0.01,-0.32,0.01,-0.14,0.09,0.01,-0.21,0.11,0.01,0.29,-0.3,0.63,0.42,-0.97,-0.13,0.49,-0.01,-0.02,0.51,-0.01,0.06,0.28,0.2,0.27,-0.23,0.08,0.74,0,-0.6,0,-0.38,0.34,0.08,-0.64,-0.79,-0.58,0.44,0.02,0.24,0.15,-0.48,0.61,-0.77,0.47,0.01,-0.15,-0.22,0,-0.45,-0.36,-0.24,0.34,-0.26,0.01,-0.51,0.38,-0.69,-0.68,0.75,0.01,0,-0.01,0.06,-0.22,0.24,0.63,-0.74,0.22,-0.01,-0.26,-0.76,-0.01,0.25,0.56,0.01,0.15,0.01,0,0.09,-0.74,-0.95,-0.02,0,-0.69,0.25,-0.49,0.19,-0.26
-0.563,-1,-1,1,-1,-1,-1,-1,-1,-1,1,-1,-1,1,-1,-1,-1,-1,-1,-1,1,-1,-1,-1,-1,1,-1,-1,-1,-1,1,-1,-1,-1,-1,-0.02815,4,1,1,1,1,-1,1,-1,1,1,-1,-1,-1,1,-1,-1,-1,-1,-1,4,3,1,-1,-1,1,-1,-1,-0.92,-0.28,0.92,0.27,0.06,-0.94,0.83,-0.95,-0.85,0.87,0.81,-0.89,0.93,0.88,0.12,0.97,-0.01,-0.83,0.91,0.7,0.65,0.85,-0.95,-0.86,0.44,0.81,0.57,0.94,0.88,0.49,0.95,0.87,0.99,-0.97,-0.67,0.66,0.79,0.23,-0.87,1,0.9,-0.15,-0.95,-0.87,0.33,-0.93,0.42,0.11,0.76,0.97,0.43,-0.96,0.56,-0.6,0.38,0.08,-0.98,0.95,0.9,-0.64,0.92,-0.3,-0.65,-0.98,0.68,0.91,0.97,0.83,0.9,-0.99,-0.83,0.93,-0.98,0.37,0.98,0.97,-0.92,-0.91,-0.34,0.13,0.59,-0.96,-0.98,0.21,-0.97,0.04,-0.97,0.01,0.81,-0.98,0.56,0.15,0.92,0.93,-0.92,0.29,0.93,-0.88,-0.97,0.91,-0.97,-0.96,-0.98,0.97,-0.23,0.84,0.97,0.15,-0.97,0.81,0.95,-0.97,0.11,0.82,0.73,-0.82,0.59,-0.77,0.97,0.78
-0.638,-1,-1,1,-1,-1,-1,-1,-1,1,-1,-1,-1,1,-1,-1,-1,-1,-1,-1,-1,-1,1,-1,-1,1,-1,-1,-1,-1,1,-1,-1,-1,-1,-0.0319,4,-1,1,1,1,-1,-1,1,1,1,-1,1,-1,-1,-1,-1,-1,-1,-1,4,3,1,-1,1,-1,-1,-1,-0.78,0.61,-0.28,0.34,-0.88,0.33,-0.01,0.47,-0.01,-0.45,0.51,-0.6,-0.41,0.19,0.62,-0.69,-0.56,0.4,0.11,0.73,0,0.13,-0.55,0.33,0.11,0.52,0.39,-0.57,-0.4,0.55,0.35,0.56,-0.52,0.2,0.61,0.52,-0.19,-0.37,-0.86,0.69,0.53,-0.76,-0.72,0.52,0.07,0.67,0.09,0.69,0.67,0.66,0.09,0.48,0.01,0.53,0.75,-1,0.47,0.75,0.55,-0.78,-0.57,0.07,0.21,0.25,0.52,0.95,0.77,0.67,0.32,-1,0.33,0.2,-1,0.64,-0.59,0.64,0.68,-0.38,0.85,-0.07,-0.5,-1,0.63,0.63,0.67,-0.81,0.77,-0.24,0.66,-0.25,0.45,0.49,1,0.27,0.23,0.5,0.47,0.49,-1,0.64,0.14,0.13,0.51,0.4,0.49,0.51,0.22,0.58,0.69,0.35,0.15,-0.66,-0.97,0.42,0.42,0.33,0.13,-0.13,0.59,0.76
-0.438,-1,-1,1,-1,-1,-1,-1,-1,1,-1,-1,-1,1,-1,-1,-1,-1,-1,-1,-1,-1,1,-1,-1,2,-1,-1,-1,-1,1,-1,-1,-1,-1,-0.0219,2,-1,1,-1,-1,-1,1,1,-1,-1,-1,1,-1,-1,-1,-1,-1,-1,-1,2,0,1,-1,-1,-1,1,-1,-0.86,-0.81,-0.99,-0.99,0,0.2,0.41,-0.87,-0.52,-0.4,0.51,0,-0.47,0.26,-0.95,-0.94,-0.95,-1,-0.78,0.26,-0.98,0.13,-0.61,-0.88,-0.94,0.2,-0.98,-0.93,-0.91,-0.86,-0.73,-0.99,-0.6,-1,-0.51,-1,-0.43,-0.53,-0.78,-0.72,-0.81,-0.98,-0.82,-0.99,-0.98,0.15,-1,0,0.2,0.27,0.34,-0.98,0.28,-0.38,-0.73,-0.66,-1,-0.96,0,-0.53,-0.81,-0.76,-0.64,-0.85,-0.67,-0.66,0.37,-1,-0.58,-0.96,-0.46,0.63,-0.46,-0.68,-0.31,0.38,0,0,0.27,-1,-1,-0.91,-0.78,-0.91,-0.68,-0.66,-1,-0.73,-0.94,-0.91,0.33,-0.88,-0.63,0.26,-0.94,-0.96,-0.94,-0.91,-0.97,-0.99,-0.98,-0.91,-0.87,-0.84,-0.96,-0.96,0.53,-0.91,-0.68,-1,-0.88,-1,-0.99,-0.98,-0.99,-0.97,-0.94,-0.97,-0.98,-0.96
-0.168,-1,-1,1,-1,-1,-1,-1,1,-1,-1,-1,-1,1,-1,-1,-1,-1,-1,-1,1,-1,-1,-1,-1,2,-1,-1,-1,-1,-1,-1,1,-1,-1,-0.0084,3,-1,1,1,1,-1,1,-1,1,1,-1,1,-1,-1,-1,-1,-1,-1,-1,4,1,2,-1,1,-1,-1,-1,-1,0.17,0.28,-1,0.08,-1,-1,-0.11,-0.44,0.05,-0.28,-1,-1,-1,0.69,0.08,-1,-1,-0.19,0.84,-0.48,0.5,-0.63,-1,-1,-1,-1,0.12,0.15,-0.47,-1,-0.34,0.47,-1,-0.5,0.09,-1,-1,-1,0.58,0.72,-1,-1,-0.66,0.21,-1,-0.84,0.09,-1,0.19,-1,-1,0.08,-1,0.49,-0.29,-1,-0.67,-0.55,0.29,-1,-0.49,-1,-1,-0.52,-0.58,0.19,-0.54,0.28,-1,-1,-1,-1,-1,-1,-1,-1,-0.89,-1,-1,-1,-1,-1,0.1,-1,-1,0.11,-0.71,0.61,-1,-1,0.19,0.78,-1,0.8,0.62,0.58,0.76,-1,-1,-1,-1,-1,0.27,-1,-1,-1,0.38,0.13,0.19,-1,-1,-1,-0.15,-1,-1,-1,-0.85,-0.89,-1
-0.475,-1,-1,1,-1,-1,-1,1,-1,-1,-1,-1,-1,1,-1,-1,-1,-1,-1,-1,-1,1,-1,-1,-1,1,-1,-1,-1,-1,-1,-1,1,-1,-1,-0.02375,3,-1,-1,1,-1,1,1,1,-1,1,-1,-1,1,-1,-1,-1,-1,-1,-1,3,3,1,-1,1,-1,-1,-1,-0.99,-0.99,0.1,0.16,0.25,-0.99,0.08,-0.99,0.06,0.08,-0.02,-0.99,0.06,0.24,0.02,0.05,-0.21,-0.96,0.4,-0.99,-0.97,-0.99,-0.99,-0.98,0.08,-0.99,-0.99,0.05,0.03,0.14,-0.99,-0.98,-0.78,-0.98,-0.97,-0.96,0.06,-0.97,-0.97,-0.99,-0.98,-0.99,-0.98,-0.99,-0.96,-1,0.2,-0.96,-0.95,-0.99,0.05,0.32,-0.97,-0.98,-0.98,-0.97,-0.99,-0.99,0.6,-1,-0.95,-0.96,-0.97,0.98,0.05,-0.97,-0.99,-0.98,-0.98,-0.99,-0.98,0.09,-0.96,0.07,-0.98,-0.97,-0.88,-0.91,-0.98,-0.98,-0.98,-0.98,-0.99,-0.97,-0.99,-0.98,-0.98,0.05,-0.96,-0.98,-0.99,-0.99,0.28,-0.98,-0.96,-0.97,-0.95,-0.18,-0.99,-0.99,-0.98,-0.1,-0.99,-0.99,-0.99,-0.98,-0.98,-0.98,-0.78,-0.98,-1,-0.99,-0.99,-0.99,-0.99,-0.98,-0.99,-0.99,-0.98,-0.99
0.063,-1,1,-1,-1,-1,-1,-1,-1,-1,-1,1,-1,-1,1,-1,-1,-1,-1,-1,-1,-1,1,-1,-1,2,-1,-1,-1,-1,1,-1,-1,-1,-1,0.00315,3,1,-1,1,1,-1,-1,-1,1,1,-1,1,-1,-1,-1,-1,-1,-1,-1,3,2,2,-1,1,-1,-1,-1,-0.36,0.78,0.65,-0.67,0.47,0.64,0.47,-0.31,-0.17,0.37,0.3,0.68,0.42,-0.64,-0.12,0.44,0.4,0.44,0.47,-0.49,-0.42,0.04,0.43,0.21,0.28,0.25,0.7,0.38,0.75,0.43,0.68,0.26,-0.49,0.45,0.3,0.4,-0.39,0,0.25,0.35,0.44,-0.51,0.57,-0.19,0.4,0.19,0.47,0.21,-0.58,0.51,0.49,0.27,0.59,-0.25,0.63,0.32,0.03,0.41,0.69,0.2,0.29,0.27,0.23,0.43,-0.37,0.37,0.28,0.48,0.41,0.7,-0.16,0.19,0.58,-0.33,-0.35,0.28,-0.31,0.41,0.48,0.38,0.17,0.17,0.6,0.63,0.34,0.57,0.51,-0.24,0.21,0.42,0.31,0.67,0.53,0.26,0.36,0.64,0.6,0.51,-0.35,0.57,0.51,0.45,0.25,0.73,0.59,0.31,0.24,0.26,0.65,0.25,-0.39,0.37,0.82,0.35,0.63,0.5,0.54,0.68,0.33,-0.31
-0.1,1,-1,-1,-1,-1,-1,-1,-1,-1,1,-1,1,-1,-1,-1,-1,1,1,-1,-1,-1,-1,-1,-1,1,-1,-1,-1,1,-1,-1,-1,-1,-1,-0.005,4,-1,1,-1,1,-1,1,1,1,-1,-1,1,-1,-1,-1,-1,-1,-1,-1,4,0,2,1,-1,-1,-1,-1,0.44,0,0.62,0.57,0.6,-0.39,0.74,0.19,-0.73,-0.11,-0.36,-0.61,-0.76,0.15,0.38,-0.3,-0.76,0.39,0.13,0.62,0.26,0.32,0.09,0.19,0.09,0.02,-0.08,0.07,0.03,-0.43,0.24,0.31,-0.07,-0.79,0.34,-0.2,-0.8,-0.41,-0.42,0.32,0.21,0.22,-0.37,-0.25,-0.38,-0.35,-0.58,-0.35,0.24,0.29,-0.16,-0.94,0.04,0.17,-0.13,-1,0.23,0.16,-0.23,-1,-0.05,-0.16,-0.42,0.08,-0.68,-0.36,0.3,0.12,-0.25,-1,-0.47,-0.45,-1,-0.17,-1,0.02,0.34,-0.22,-0.15,-0.12,0.08,-1,-0.88,-0.12,-0.21,-1,0.11,-1,-0.27,-1,0.08,0.27,0.22,-0.27,-0.24,-0.32,0.24,0.22,-1,0.36,0.06,-0.22,0.16,0.11,-1,-0.48,-1,-0.16,1,0.43,0.27,-0.72,0.24,-0.25,0.1,0.44,-1,-0.57,0.32,0.35
-0.809,-1,-1,1,-1,-1,-1,-1,-1,-1,1,-1,-1,1,-1,-1,-1,-1,1,-1,-1,-1,-1,-1,-1,0,-1,-1,-1,-1,1,-1,-1,-1,-1,-0.04045,2,1,1,1,1,1,1,1,1,1,-1,1,-1,-1,-1,-1,-1,-1,-1,4,0,1,-1,-1,-1,1,-1,-1,0.1,-1,-1,0.49,1,0.61,-1,-1,-1,0.38,-1,-0.07,0.39,0.52,-1,-1,-1,0.57,0,-1,-1,-1,-1,-1,0.35,0.56,0.18,0.6,-1,-1,-1,0.48,-1,0.39,-1,-1,-1,1,1,0.97,-1,-0.99,0.54,-1,-1,-1,-1,-0.99,0.3,-1,-1,0.54,-1,-1,-1,-1,0.57,0.23,-1,-1,0.56,-1,0.22,0.53,0.23,0.99,-1,0.67,-1,-0.99,0.52,-1,-1,0.42,1,0.01,-1,0.22,-1,-1,-1,-1,-0.99,-1,-1,-0.99,-1,0.52,-0.97,-1,-1,-0.98,-0.99,-1,-1,0.46,0.48,-1,0.28,-1,-1,-1,-1,-1,-1,0.37,-1,-0.98,-1,-1,-1,-1,0.3,-1,-1,-0.97,-1,0.43,-1
-0.194,-1,-1,1,-1,-1,-1,-1,-1,1,-1,-1,-1,1,-1,-1,-1,1,-1,-1,-1,-1,1,-1,-1,5,-1,-1,-1,1,-1,-1,-1,-1,-1,-0.0097,3,1,1,1,-1,-1,-1,-1,-1,-1,-1,1,-1,-1,-1,-1,-1,-1,-1,4,1,2,-1,1,-1,-1,-1,-0.69,0.46,0.5,0.66,0.6,0.69,0.97,0.37,0.54,0.6,0.71,0.5,0.79,0.58,0.8,0.56,0.69,0.61,0.8,0.96,0.53,0.65,0.4,0.6,0.52,0.71,0.67,0.84,0.82,0.55,0.7,0.97,0.08,0.45,0.61,0.78,0.59,0.76,0.58,0.73,0.49,0.65,0.81,0.71,0.87,0.58,0.99,0.69,0.57,0.68,0.48,0.52,0.53,0.72,-0.31,0.57,-0.51,0.57,0.63,-0.63,-0.71,0.5,0.53,-0.86,0.53,0.7,0.4,0.6,0.8,0.41,0.63,0.79,0.54,0.75,0.32,0.9,0.98,0.94,0.6,0.7,0.32,0.5,0.77,0.94,0.82,0.46,0.51,0.67,0.55,0.63,0.63,0.89,-0.25,0.66,0.62,0.75,0.62,-0.61,0.62,0.7,0.39,-0.41,-0.55,0.49,0.68,0.54,0.73,0.61,0.95,0.43,0.67,-0.83,0.71,0.64,0.57,0.97,0.47,0.9,0.43,0.58
-0.697,1,-1,-1,-1,-1,-1,1,-1,-1,-1,-1,1,-1,-1,-1,-1,1,-1,1,-1,-1,-1,-1,-1,0,-1,1,-1,-1,-1,-1,-1,-1,-1,-0.03485,3,-1,-1,1,-1,-1,-1,1,-1,-1,-1,-1,1,-1,-1,-1,-1,-1,-1,3,1,1,-1,1,-1,-1,-1,-0.76,1,1,0.54,1,0.43,1,0.41,0.36,1,-0.19,0.47,0.4,0.42,1,0.89,0.87,1,-0.31,0.94,-0.58,-0.99,-0.75,0.51,0.55,1,1,-1,0.36,0.27,1,-1,1,-0.35,1,1,1,-0.51,0.04,1,1,-1,0.63,-1,1,-1,1,-1,1,1,0.63,0.01,0.65,0.88,1,-1,0.89,0.39,-0.91,0.07,1,1,1,1,-0.18,-0.68,-0.99,-0.06,1,0.83,1,-0.02,-0.68,0.04,0.59,1,1,1,0.15,1,0.36,0.16,0.53,0.57,0.25,-0.37,0.83,0.92,1,-0.62,1,1,0.9,1,0.59,1,1,1,-0.8,-0.06,1,1,-1,0.65,-0.78,1,0.32,0.55,1,0.27,0.98,0.7,0.47,0.47,1,1,0.3,1,0.51,1
-0.435,1,-1,-1,-1,-1,-1,-1,1,-1,-1,-1,1,-1,-1,-1,-1,-1,1,-1,-1,-1,-1,-1,-1,0,-1,-1,-1,-1,-1,-1,-1,1,-1,-0.02175,2,1,-1,1,1,-1,1,-1,1,-1,-1,-1,-1,-1,1,-1,-1,-1,-1,4,0,3,1,-1,-1,-1,-1,-0.96,-0.97,0.59,-0.5,-0.56,0.31,0.4,0.28,-0.75,0.36,-0.9,-0.94,-0.62,0.59,0.66,0.25,-0.95,0.33,0.38,-0.97,0.27,-0.97,-0.99,-0.98,0.25,0.18,-0.48,0.17,0.28,0.17,0.22,-0.96,0.48,-0.89,-0.47,-0.4,0.28,-0.65,-0.93,0.43,0.23,-0.96,-0.95,0.41,0.28,-0.97,0.32,0.39,-0.96,0.16,-0.69,0.23,0.28,-0.53,-0.86,0.17,-0.83,0.2,0.36,0.37,-0.99,0.35,-0.61,0.38,0.29,-0.77,-0.97,0.29,-0.44,-0.97,-0.5,-0.91,-0.94,-0.52,-0.99,0.2,0.19,-0.5,-0.96,0.21,0.39,-0.97,-0.97,0.2,-0.97,-0.96,-0.98,-0.93,-0.94,-0.97,-0.63,0.39,0.4,-0.96,-0.58,-0.85,-0.54,0.35,-0.93,-0.96,-0.97,-0.95,-0.99,0.29,-0.94,0.35,0.33,-0.93,0.28,0.27,0.24,-0.64,-0.94,-0.99,-0.51,0.28,-0.54,0.24,0.45,-0.58
-0.363,-1,-1,1,-1,-1,-1,-1,-1,-1,1,-1,-1,1,-1,-1,-1,1,-1,-1,-1,-1,1,-1,-1,1,-1,-1,-1,-1,1,-1,-1,-1,-1,-0.01815,3,-1,-1,1,-1,1,-1,1,1,1,-1,1,-1,-1,-1,-1,-1,-1,-1,4,0,1,1,-1,-1,-1,-1,0.26,0.32,0.32,0.89,1,-0.74,-0.93,-1,0.11,0.67,-0.81,-0.15,-0.51,-1,1,-0.8,-0.41,0.72,0.39,1,-0.48,0.43,0.25,-0.27,0.33,-1,-0.15,-0.83,-0.63,0.56,-0.91,-0.75,0.07,-1,0.35,-0.79,-0.8,0.11,-0.22,0.69,0.57,0.31,-0.67,0.13,-0.74,0.88,-0.37,-0.63,-0.83,0.42,0.07,-0.85,0.14,-0.76,-0.48,-0.87,-1,0.07,-0.22,0.49,-0.63,0.21,-1,0.21,0.1,0.46,0.54,-0.76,0.1,-1,-0.75,0.89,-1,-0.94,-0.15,0.44,0.64,-0.72,0.38,-1,-1,-1,1,-0.91,0.63,-1,1,-0.86,-0.65,0.21,-0.94,0.21,0.46,-0.93,0.76,-0.14,0.14,-0.71,0.27,1,0.42,-0.86,0.04,-0.85,-0.51,0.13,-0.71,-0.88,-0.65,0.41,-0.9,-0.67,-1,-1,-0.76,-1,-0.75,-0.83,0.31,0.47
-0.409,-1,-1,1,-1,-1,-1,-1,1,-1,-1,-1,-1,1,-1,-1,-1,-1,-1,-1,1,-1,-1,-1,-1,2,-1,-1,-1,-1,-1,-1,1,-1,-1,-0.02045,5,1,1,-1,1,1,1,-1,-1,-1,-1,1,-1,-1,-1,-1,-1,-1,-1,1,3,1,-1,1,-1,-1,-1,-0.98,-0.55,0.25,-0.49,0.06,-0.41,0.1,-0.47,0.41,0.36,0.23,-0.58,-0.4,0.07,0.06,-0.09,-0.07,-1,0.07,0.12,-0.55,-0.98,-1,-0.66,0.46,0.27,0.38,0.07,-0.08,-0.38,-0.28,-0.6,-0.16,-0.97,-0.53,-0.46,0.11,-0.47,-0.48,-0.33,0.07,-0.47,-0.95,0.08,0.07,-0.48,-0.61,-0.48,0.21,-0.1,0.35,0.19,-0.45,-0.32,-0.06,-0.39,-0.92,0.19,0.06,-0.18,-0.39,0.31,0.08,0.31,-0.33,0.38,-0.39,-0.08,0.4,-0.98,0.48,0.21,-0.97,-0.08,-0.96,0.85,0.06,-0.48,-0.69,0.08,0.15,-0.95,-0.9,0.33,0.13,0.35,-0.94,-0.85,0.38,-0.96,0.71,0.08,0.49,0.4,0.21,0.15,0.1,0.1,-0.96,-0.97,-0.99,0.05,-0.17,-0.09,-0.2,0.53,0.35,0.32,-0.56,0.12,-0.97,-0.98,-0.99,-0.97,-0.6,0.11,-0.15,-0.27,0.07,0.42
0.237,-1,-1,1,-1,-1,-1,-1,-1,-1,1,-1,-1,1,-1,-1,-1,-1,-1,-1,-1,1,-1,-1,-1,4,-1,-1,-1,-1,1,-1,-1,-1,-1,0.01185,3,-1,-1,1,-1,1,-1,-1,1,1,-1,1,-1,-1,-1,-1,-1,-1,-1,4,2,2,-1,1,-1,-1,-1,-0.03,0.31,-0.07,0.2,0.57,0.01,0.61,0.35,0.65,0.68,0.33,0,0.55,0.01,0.52,0,-0.01,0,-0.13,0.69,-0.01,0.02,-0.04,0.23,0.22,0.03,0.43,0.21,0.29,0.37,0.2,0.11,0,0.43,0.31,0.32,0.49,0.02,0.73,0.44,0.61,0.15,-0.1,0.24,0.27,0.34,-0.24,-0.16,-0.2,0.3,-0.23,0.37,0.33,0.54,0.39,-0.24,-0.35,0.15,0.13,-0.24,-0.19,0.22,-0.16,-0.17,0.31,0.31,0.5,0.33,0.19,-0.25,0.34,0.11,-0.56,0.35,0.29,-0.28,0.24,-0.2,0.25,0.1,-0.25,-0.5,0.27,0.46,-0.41,-0.33,-0.38,0.63,0.21,-0.29,0.35,0.44,0.48,-0.28,0.47,-0.27,0.44,0.49,-0.29,0.24,-0.48,0.42,-0.62,0.43,0.31,-0.33,-0.53,0.67,0.77,0.37,-0.46,-0.38,-0.42,0.37,-0.37,-0.37,-0.38,-0.18,0.24,0.28
-0.349,-1,-1,1,-1,-1,-1,-1,1,-1,-1,-1,-1,1,-1,-1,-1,-1,-1,-1,-1,-1,1,-1,-1,5,-1,1,-1,-1,-1,-1,-1,-1,-1,-0.01745,4,-1,-1,1,1,-1,-1,-1,-1,-1,-1,1,-1,-1,-1,-1,-1,-1,-1,2,0,2,-1,1,-1,-1,-1,-0.97,-0.8,-0.05,-0.21,0.06,-0.04,-0.14,0.12,-0.11,-0.25,0.06,-0.09,-0.64,-0.18,0.05,-0.57,-0.46,-0.78,-0.74,0.08,-0.08,-0.54,-0.94,0.09,-0.11,-0.71,-0.09,0.04,0.06,0.05,-0.06,0.06,-0.19,-0.13,0.17,-0.14,-0.1,-0.22,-0.55,0.1,0.08,-0.49,-0.61,-0.05,0.13,-0.12,-0.63,-0.55,-0.79,-0.71,-0.64,-0.8,-0.75,-0.92,-0.57,-0.84,-0.84,-0.86,-0.05,-0.55,-0.71,-0.61,-0.08,0.08,0,0.07,-0.06,0.05,0.34,-0.81,-0.06,-0.13,-0.28,0.09,-0.71,0.09,-0.14,-0.53,-0.12,-0.08,-0.88,-0.88,-0.75,-0.85,-0.06,-0.49,-0.69,-0.68,0.03,-0.53,-0.44,-0.52,0.3,-0.09,-0.11,-0.18,-0.21,-0.76,-0.95,-0.48,-0.59,-0.88,-0.89,0.05,-0.84,0.06,0.04,-0.21,-0.65,0.08,-0.69,-0.76,-0.9,0.03,0.04,-0.69,-0.76,-0.58,-0.57,-0.57
0.03,-1,1,-1,-1,-1,-1,-1,-1,-1,1,-1,-1,-1,1,-1,-1,1,-1,1,-1,-1,-1,-1,-1,4,-1,1,-1,-1,-1,-1,-1,-1,-1,0.0015,2,1,-1,1,1,1,-1,1,1,-1,-1,1,-1,-1,-1,-1,-1,-1,-1,2,0,1,1,-1,-1,-1,-1,-0.86,0.14,-0.46,0.06,0.44,-0.64,-0.56,-0.83,0.31,0.3,0.32,0.11,0.81,0.04,0.54,-0.24,-0.31,0.39,0.09,0.15,-0.71,-0.17,-0.78,-0.63,0.42,-0.37,0.53,0.22,0.12,0.39,-0.56,0.42,0.11,-0.54,-0.17,-0.68,0.28,0.09,-0.45,0.2,-0.28,0.05,0.8,-0.17,0.08,0.39,-0.54,0.65,-0.11,0.08,0.28,0.71,0.09,0.26,0.35,0.39,-0.65,-0.4,-0.22,0.65,0.08,0.08,0.33,-0.19,-0.2,0.13,0.46,0.27,0.06,-0.4,-0.72,0.45,-0.86,-0.65,-0.14,-0.26,0.17,-0.68,0.08,-0.77,-0.94,-0.75,-0.51,0.36,-0.27,0.08,-0.86,0.84,0.31,-0.9,0.33,0.11,0.39,-0.29,0.08,-0.73,0.09,0.11,-0.96,0.11,-0.42,0.16,0.06,-0.35,0.08,0.54,-0.39,0.25,-0.23,0.17,-0.88,0.23,-0.99,0.08,0.39,-0.9,0.28,0.56,0.38,0.23
-0.853,-1,-1,1,-1,-1,-1,-1,-1,-1,1,-1,-1,1,-1,-1,-1,-1,-1,-1,-1,-1,1,-1,-1,3,-1,-1,-1,-1,-1,1,-1,-1,-1,-0.04265,5,1,-1,1,1,1,-1,-1,-1,1,-1,1,-1,-1,-1,-1,-1,-1,-1,4,3,2,-1,1,-1,-1,-1,-0.96,-0.74,0.39,0.09,-0.46,-0.84,-0.87,-0.9,-0.01,0.13,-0.63,0.02,-0.01,0.16,0,0.01,-0.89,-0.54,0,0.26,0.59,0.58,-0.83,0.73,0.53,0.19,-0.34,-0.62,0.01,-0.3,0.39,-0.17,0.16,-0.75,0.1,-0.21,-0.28,-0.66,-0.3,0.3,0.34,0.27,-0.89,0.25,0.21,-0.03,-0.77,0.24,0.37,0.3,0.55,-0.12,0.45,-0.76,0.23,-0.78,-0.97,0.2,0.17,-0.91,-0.61,0.36,-0.88,0.18,0.05,-0.01,-0.9,0.21,0,-0.92,-0.02,0.16,-0.83,-0.22,-0.87,0.61,0,-0.92,-0.22,0.1,-0.83,-0.98,-0.92,-0.94,-0.86,-0.07,-0.96,-0.45,-0.01,-0.95,0.03,-0.53,-0.28,0.17,-0.15,-0.04,0.01,-0.18,-0.94,-0.24,-0.97,-0.02,-0.86,-0.32,-0.31,0.26,-0.01,0.66,-0.02,0.45,0.2,-0.98,-0.99,-0.69,0.13,-0.96,0.03,-0.59,0.18,0.18
-0.705,-1,-1,1,-1,-1,-1,-1,-1,1,-1,-1,-1,1,-1,-1,-1,-1,-1,-1,1,-1,-1,-1,-1,1,-1,-1,-1,-1,1,-1,-1,-1,-1,-0.03525,5,-1,-1,1,1,-1,-1,1,-1,1,-1,1,-1,-1,-1,-1,-1,-1,-1,3,1,2,-1,1,-1,-1,-1,-0.77,-1,0.19,-0.57,-0.93,-0.98,-0.66,0.35,0.62,0.03,0.17,-0.77,0.15,0.52,0.58,0.15,-0.52,-1,0,0.6,0.52,0.6,-0.6,0.5,0.2,0.05,-0.63,0.19,-0.57,0.27,0.46,0.62,-0.51,0.32,0.55,0.4,-0.84,0.25,0.03,0.66,-0.38,0.67,-0.98,0.03,-1,0.13,-0.89,-0.51,0.3,0.53,0.12,-0.17,-0.01,0.37,0.49,-0.89,0.4,0.51,0.13,-0.88,0.33,-0.35,0.27,0.42,0.57,-0.28,0.43,-0.17,-0.25,-0.99,0.51,-0.34,-0.78,-0.71,-0.98,0.61,0.11,0.43,-0.38,-0.63,0.13,-0.99,-0.19,-0.83,0.24,-0.78,-0.68,-0.95,0.16,0.23,0.16,0.58,0.44,-0.15,0.19,0.25,0.4,0.44,-0.89,0.19,0.26,-0.57,0.14,0.21,-0.5,-0.59,0.26,0.42,0.28,-0.55,0.19,-0.8,0.19,0.4,-0.29,0.28,-0.13,-0.63,0.03,-0.71
-0.358,-1,-1,1,-1,-1,-1,-1,-1,-1,1,-1,-1,1,-1,-1,-1,-1,-1,-1,-1,-1,1,-1,-1,2,-1,-1,-1,-1,-1,-1,1,-1,-1,-0.0179,2,-1,1,1,1,-1,-1,1,-1,-1,-1,1,-1,-1,-1,-1,-1,-1,-1,2,0,1,-1,-1,-1,1,-1,0.06,0.15,0.12,-0.59,-0.79,-0.64,-0.17,0.2,0.22,-0.53,0.19,-0.52,0.2,-0.66,0.1,-0.79,-0.68,0.73,-0.78,0.32,0.45,0.27,0.21,-0.72,0.1,-0.61,0.25,-0.86,0.23,-0.64,-0.7,0.19,-0.36,-0.68,-0.42,0.17,-0.68,-0.75,-0.6,0.21,0.24,-0.5,-0.7,0.17,0.1,0.24,-0.76,0.22,-0.75,-0.57,-0.33,0.15,-0.58,0.16,-0.57,-0.34,-0.68,-0.52,-0.77,0.26,0.18,0.19,-0.51,0.12,0.21,-0.49,0.21,-0.43,-0.26,-0.46,-0.28,-0.34,0.12,-0.34,0.15,0.14,-0.5,-0.66,0.19,-0.85,-0.95,-0.71,0.11,-0.67,-0.73,-0.8,0.12,-0.68,-0.38,0.14,0.09,0.23,-0.28,-0.26,0.2,0.27,0.17,-0.78,-0.81,0.27,-0.65,-0.75,0.48,-0.6,-0.6,-0.65,-0.56,0.24,0.38,0.15,-0.74,-0.67,-0.86,0.42,-0.59,-0.85,-0.84,-0.62,0.13,-0.76
-0.784,-1,-1,1,-1,-1,-1,-1,-1,-1,1,-1,-1,1,-1,-1,-1,-1,1,-1,-1,-1,-1,-1,-1,1,-1,-1,-1,-1,-1,-1,1,-1,-1,-0.0392,5,1,-1,1,1,1,-1,1,1,1,-1,-1,-1,-1,-1,1,-1,-1,-1,3,1,1,-1,1,-1,-1,-1,-0.42,-0.99,-0.61,0.5,-0.52,-0.81,0.55,-0.52,0.34,0.58,0.45,-0.49,0.48,0.41,0.42,0.55,-0.49,-1,0.54,0.33,-0.41,-0.51,-0.52,-0.53,0.53,0.62,0.17,-0.61,0.55,-0.29,0.53,0.5,0.97,-0.6,-0.61,0.32,0.3,-0.44,-0.4,0.41,0.45,-0.47,0.73,0.56,0.53,-0.99,-0.42,0.47,0.75,0.64,0.51,-0.55,0.49,-0.52,-0.46,0.36,-1,0.71,-0.9,-0.97,-0.58,-0.48,-0.61,0.98,0.99,0.98,0.59,-0.98,0.54,-0.54,0.3,-0.48,0.57,-0.99,0.43,0.51,0.44,0.84,0.54,-0.8,-0.48,-0.44,0.49,-0.98,0.51,-0.57,-0.99,0.63,0.22,-0.5,0.43,0.44,0.52,0.41,-0.51,0.5,0.31,0.79,-0.62,0.43,0.35,0.97,-0.96,0.98,-0.8,0.35,-0.43,-0.38,-0.97,-0.33,-0.97,-0.95,0.67,-0.41,0.5,-0.99,0.56,0.7,0.92,0.58
-0.293,-1,-1,1,-1,-1,-1,-1,-1,-1,1,-1,-1,1,-1,-1,-1,-1,1,-1,-1,-1,-1,-1,-1,0,-1,1,-1,-1,-1,-1,-1,-1,-1,-0.01465,5,1,-1,1,1,-1,-1,-1,1,1,-1,-1,1,-1,-1,-1,-1,-1,-1,2,3,2,-1,1,-1,-1,-1,-0.95,-0.97,-0.95,-0.69,-0.97,-0.97,-0.93,-0.93,-0.96,-0.12,0.52,-0.96,-0.8,-0.85,-0.97,-0.93,-0.95,-0.96,-0.21,-0.8,-0.85,-0.95,-0.8,-0.94,-0.51,0.28,0.32,0.31,0.23,-0.91,0.57,-0.66,-0.82,-0.96,-0.96,-0.9,0.08,-0.17,-0.96,-0.19,-0.31,-0.97,-0.97,0.1,-0.97,-0.98,-0.98,-0.23,-0.4,-0.11,-0.99,-0.96,-0.98,-0.96,0.06,-0.97,-0.98,-0.93,-0.96,-0.98,-0.98,-0.97,-0.96,-0.99,-0.91,-0.81,-0.89,0.08,-0.96,-0.99,-0.94,-0.95,-0.97,-0.96,-0.98,-0.95,-0.97,-0.96,-0.67,-0.97,-0.96,-0.99,-0.99,-0.95,-0.97,-0.98,-0.97,-0.98,-0.93,-0.97,-0.95,-0.97,-0.92,-0.69,0.07,-0.71,-0.76,-0.78,-0.97,-0.96,-0.9,-0.97,-0.97,-0.54,-0.93,-0.68,0.2,-0.82,-1,-0.96,-0.98,-0.98,-0.99,-0.58,-0.29,-0.97,-0.98,-0.97,-0.71,-0.98
-0.628,-1,-1,1,-1,-1,-1,-1,1,-1,-1,-1,-1,1,-1,-1,-1,-1,1,-1,-1,-1,-1,-1,-1,2,-1,-1,-1,-1,-1,1,-1,-1,-1,-0.0314,5,-1,-1,-1,1,-1,1,-1,1,1,-1,1,-1,-1,-1,-1,-1,-1,-1,2,2,3,-1,1,-1,-1,-1,-0.96,-0.16,0.14,-0.97,0.41,0.73,0.82,-0.69,-0.98,0.1,0.87,0.26,-0.25,0.95,0.3,-0.01,-0.99,-1,0.11,1,0.57,-0.73,-1,0.99,0.61,0.89,1,0.67,-0.61,0.84,-0.49,0.83,0.52,-0.49,-0.81,0.81,0.07,-0.97,-0.79,0.99,1,-1,-0.88,-0.9,1,-1,-0.84,0.23,0.77,0.47,0.64,-0.72,0.11,0.26,0.25,-0.9,-1,-0.96,0.66,-0.8,0.18,0.48,-0.16,0.76,0.56,1,0.9,0,0.14,-0.97,-0.78,-0.87,-1,-0.14,-0.98,0.98,0.75,-0.01,0.07,-0.18,-1,-1,-1,-0.8,0.41,0.69,-1,-0.99,-0.13,-1,1,0.79,0.51,0.53,-0.41,0.53,0.23,0.37,-0.97,0.27,-0.21,1,0.25,1,-0.64,0.7,0.84,0.99,-1,-1,-0.83,-0.97,-1,1,0.29,-1,0.58,-0.68,0,1
-1.107,-1,-1,1,-1,-1,-1,-1,1,-1,-1,-1,-1,1,-1,-1,-1,-1,1,-1,-1,-1,-1,-1,-1,4,-1,-1,-1,-1,1,-1,-1,-1,-1,-0.05535,3,-1,-1,-1,1,-1,-1,-1,-1,-1,-1,-1,-1,1,-1,-1,-1,-1,-1,2,3,2,-1,1,-1,-1,-1,-0.99,-1,-1,-1,0.19,-0.97,0.19,-1,-1,0.37,-0.78,-0.94,0.34,0.41,-0.69,-1,-0.87,0.2,-0.57,-1,-1,-0.74,-1,-0.9,-0.72,0.47,-0.73,0.62,0.43,-0.79,-0.89,-1,-0.64,0,0,-0.44,0.41,0,-0.87,-0.92,-0.85,-1,0.29,0.27,0.35,-1,-1,-0.19,-0.75,-0.81,-0.77,-0.89,-0.98,-0.95,-1,-1,-0.63,-1,-1,-0.97,-1,-1,-1,-0.11,-0.99,-0.93,-1,-1,-0.69,-0.98,0.1,-0.8,-0.78,-1,-1,-0.85,-0.77,-0.88,-1,-1,-1,-1,-0.94,-0.74,-0.78,-0.91,-1,0.42,-0.86,-0.82,-0.85,-0.32,-0.59,-0.78,0.31,0.38,-0.67,-0.63,-0.81,-0.67,-0.85,0.1,-1,0.49,-0.99,-0.47,0.32,-0.74,-0.86,-0.85,-0.81,-0.83,-0.87,-0.9,-0.9,-1,-1,-1,0.41,-1
0.31,-1,1,-1,-1,-1,-1,-1,-1,1,-1,-1,-1,-1,1,-1,-1,1,-1,-1,-1,-1,1,-1,-1,5,-1,1,-1,-1,-1,-1,-1,-1,-1,0.0155,3,-1,-1,-1,1,-1,-1,-1,1,1,-1,-1,-1,1,-1,-1,-1,-1,-1,4,2,2,-1,1,-1,-1,-1,-0.58,-0.87,-0.69,0.21,-0.03,0.28,0.55,-0.63,-0.4,-0.4,0.69,-0.61,-0.5,0.43,0.34,0.63,-0.32,-0.69,-0.33,-0.23,0.52,-0.39,-0.45,0.34,-0.3,0.02,0.29,0.33,-0.18,-0.51,-0.63,-0.9,-0.61,-0.5,-0.78,-0.33,-0.56,0.25,-0.08,0.26,0.25,0.1,0.49,0.16,-0.83,-0.61,-0.68,0.21,-0.09,-0.26,0.44,-0.65,-0.33,0.16,0.58,0.28,-0.85,-0.57,-0.9,-0.74,-0.82,-0.48,-0.67,0.57,-0.41,-0.45,-0.73,-0.33,-0.68,-0.45,-0.68,-0.51,-0.15,-0.67,0.44,-0.22,0.47,-0.54,-0.15,0.8,-0.23,-0.46,-0.38,-0.32,-0.85,0.3,-0.08,-0.8,-0.46,-0.31,0.43,0.01,0.31,-0.21,0.19,0.21,-0.36,0.98,-0.95,-0.84,-0.29,-0.75,-0.88,-0.74,-0.78,0.85,-0.84,-0.64,0.87,0.19,-0.15,-0.31,-0.22,-0.26,0.1,-0.42,-0.46,0.14,-0.12,-0.83
-0.071,-1,-1,1,-1,-1,-1,-1,-1,1,-1,-1,-1,1,-1,-1,-1,-1,1,-1,-1,-1,-1,-1,-1,2,-1,-1,-1,-1,1,-1,-1,-1,-1,-0.00355,4,-1,-1,1,-1,-1,-1,-1,1,-1,-1,-1,-1,-1,-1,-1,1,-1,-1,4,1,2,-1,1,-1,-1,-1,-0.68,-0.62,0.28,0.2,0.23,0.19,-0.35,0.36,0.15,0.23,0.29,0.19,0.27,-0.37,0.13,-0.54,0.08,-0.3,0.26,-0.16,-0.54,-0.21,-0.58,0.18,0.23,0.18,0.19,0.21,0.23,0.21,0.37,0.14,0.25,-0.59,-0.22,0.11,0.27,0.14,-0.31,-0.52,0.1,-0.3,0.11,0.13,0.17,0.13,-0.46,0.1,0.1,-0.24,0.13,0.07,-0.25,0.07,0.27,-0.45,0.41,0.11,0.21,0.11,0.19,0.19,0.13,-0.44,0.19,0.16,0.17,0.2,0.21,0.19,0.2,-0.19,0.18,0.18,0.64,0.56,-0.24,-0.32,0.14,-0.37,-0.37,-0.43,-0.49,0.15,0.13,0.13,0.23,-0.28,0.17,0.08,0.15,-0.28,-0.27,0.18,0.39,0.19,0.26,-0.15,0.19,0.14,0.17,-0.25,0.21,0.18,0.22,0.17,-0.24,0.11,0.17,0.13,0.24,0.1,0.19,0.12,-0.42,-0.29,0.11,-0.58,-0.52,-0.34
-0.294,-1,-1,-1,-1,-1,1,1,-1,-1,-1,-1,-1,-1,-1,1,-1,-1,-1,-1,1,-1,-1,-1,-1,1,-1,-1,-1,-1,-1,-1,1,-1,-1,-0.0147,2,1,-1,1,1,-1,1,-1,1,1,-1,-1,-1,1,-1,-1,-1,-1,-1,4,0,0,-1,1,-1,-1,-1,0.1,-0.2,-0.72,-0.15,-0.51,-1,-1,-1,-0.51,-1,0.49,-0.57,-0.52,-0.74,-0.37,-0.8,-0.92,0.36,-0.9,0.34,-0.94,-0.32,-0.91,-0.82,0.23,-0.93,-0.49,-0.88,-0.75,-0.97,-0.9,-0.94,-0.95,-0.98,0.61,-0.94,-1,-0.98,-0.95,-0.61,-0.86,-0.98,-0.84,0.75,-0.9,-0.99,-0.97,0.54,-0.88,-0.39,-0.52,-0.97,-0.98,-0.74,-0.75,-0.97,-0.97,-0.97,0.67,-0.26,-0.99,-0.35,-0.97,-1,-0.86,-0.98,-0.59,-0.62,-0.95,-1,-1,-0.68,-1,-1,-1,-1,0.23,-0.98,0.42,-0.98,-0.98,-0.85,-0.81,-0.52,-1,-1,-1,-1,-1,-1,-1,-1,-1,-1,-1,-1,-0.34,-1,-1,0.44,0.25,-1,0.16,-1,0.76,0.22,0.53,-0.15,-0.69,-1,-1,-1,-1,-0.86,-1,-0.83,-1,-1,-1,-0.37
-0.953,-1,-1,1,-1,-1,-1,1,-1,-1,-1,-1,-1,1,-1,-1,-1,-1,-1,-1,1,-1,-1,-1,-1,1,-1,-1,-1,-1,-1,1,-1,-1,-1,-0.04765,5,-1,-1,1,1,1,-1,1,1,1,-1,1,-1,-1,-1,-1,-1,-1,-1,4,3,1,-1,-1,1,-1,-1,-0.98,-0.98,0.29,0.18,0.32,-0.98,-0.52,-0.75,0.32,0.2,-0.99,0.18,0.25,0.29,0.5,-0.99,-0.99,0.26,0.48,0.74,-0.02,0.2,-0.99,-0.99,0.53,0.55,-0.99,0.44,0.12,0.25,-0.98,0.26,0.66,-0.98,-0.99,0,0.17,-0.69,-0.97,0.65,0.98,-0.99,0.18,0.18,0.21,-0.02,-1,0.22,0.45,0.43,0.43,-0.99,0.82,-0.76,0.5,-0.98,-0.99,0.43,-0.98,-0.99,0.44,0.43,-0.99,0.41,0.67,0.82,0.74,0.74,0.2,-0.99,-0.99,0.09,-0.98,-0.99,-0.99,0.99,0.01,-0.98,0.66,-0.99,-0.99,-0.98,0.02,0.27,0.29,-0.99,-0.99,0.47,0.01,-0.99,0.07,-0.99,-0.66,-0.83,0.24,0.22,0.61,-0.98,-0.98,0.43,0.41,-0.99,0.01,0.74,0.67,-0.01,0.56,-0.98,0,0.3,0,-0.99,-0.98,0.29,0.33,-0.99,0.4,-0.76,-0.32,0.02
0.535,-1,-1,1,-1,-1,-1,-1,1,-1,-1,-1,-1,1,-1,-1,-1,1,-1,-1,-1,-1,1,-1,-1,3,-1,-1,1,-1,-1,-1,-1,-1,-1,0.02675,4,-1,-1,1,-1,1,-1,1,-1,-1,-1,1,-1,-1,-1,-1,-1,-1,-1,4,3,1,-1,1,-1,-1,-1,-0.35,0.66,0.91,-0.71,0.62,-0.74,-0.87,-0.86,-0.73,-0.46,0.5,0.49,0.53,0.66,0.85,0.49,-0.69,-0.83,0.4,0.97,-0.54,0.87,0.55,0.91,-0.44,0.55,0.98,-0.62,0.63,0.92,0.99,0.71,-0.69,0.23,0.88,0.78,-0.72,-0.75,-0.66,0.56,0.82,0.64,-0.63,0.11,-0.74,0.92,-0.93,0.92,0.72,0.98,-0.94,-0.78,-0.76,0.12,0.27,-0.83,0.25,0.88,-0.66,-0.62,-0.86,-0.81,-0.47,-0.76,-0.84,0.57,0.43,0.54,-0.81,-0.99,-0.45,-0.97,-0.96,-0.88,-0.9,0.67,0.55,0.39,0.99,0.36,0.85,-0.99,0.96,0.98,0.66,-0.96,0.47,-0.93,0.98,0.83,-0.88,0.75,0.87,-0.58,0.59,0.55,0.72,-0.15,-0.65,0.67,0.59,0.69,-0.77,-0.91,0.76,0.79,-0.61,-0.65,0.93,0.79,-0.69,-1,-0.89,0.67,-0.58,0.72,0.41,0.71,-0.7,0.61
-0.341,-1,-1,1,-1,-1,-1,-1,-1,-1,1,-1,-1,1,-1,-1,-1,1,-1,-1,-1,-1,1,-1,-1,2,-1,-1,-1,-1,-1,-1,1,-1,-1,-0.01705,4,-1,-1,1,1,1,-1,1,-1,1,-1,1,-1,-1,-1,-1,-1,-1,-1,2,0,1,1,-1,-1,-1,-1,0.69,-0.71,1,0.84,-0.51,-0.54,-0.55,0.96,0.92,-0.78,-0.99,-0.24,-0.96,0.84,0.85,0.87,0.69,-0.88,0.52,0.87,0.97,0.91,0.99,0.99,0.39,0.94,-0.82,-0.34,-0.75,0.67,-0.16,0.48,0.5,0.88,0.84,-0.77,-0.79,-0.95,0.35,0.78,0.28,0.89,-0.49,0.53,-0.91,0.88,0.95,-0.18,0.97,0.8,-0.35,0.24,0.25,0.77,-0.2,-0.75,0.62,0.79,0.72,-0.7,-0.73,-0.37,0.01,-0.31,0.16,0.23,0.35,0.85,0.22,-0.88,0.82,-0.53,-0.7,0.87,-0.98,0.98,0.91,-0.23,-0.77,0.97,0.81,0.09,0.86,0.96,0.84,0.11,0.92,0.59,0.97,-0.59,0.11,0.8,0.91,-0.18,0.42,0.56,0.83,0.6,-0.13,0.14,-0.31,-0.53,-0.13,-0.24,0.29,0.32,-0.26,0.86,-0.15,0.83,0.52,-0.47,0.96,-0.18,0.46,0.9,0.18,0.54,-0.16,-0.69
-0.875,-1,-1,1,-1,-1,-1,-1,-1,1,-1,-1,-1,1,-1,-1,-1,1,-1,-1,-1,-1,1,-1,-1,2,-1,-1,1,-1,-1,-1,-1,-1,-1,-0.04375,5,-1,-1,-1,1,-1,-1,-1,-1,-1,-1,1,-1,-1,-1,-1,-1,-1,-1,4,1,1,-1,1,-1,-1,-1,-0.98,-0.85,0.85,-1,-1,-1,-1,0.11,-0.48,0,0.81,-0.95,-1,-1,-0.12,-1,-1,-0.58,0.08,0.77,-1,0.15,0.13,-1,-0.71,-0.91,0.8,-0.88,-0.84,-0.9,1,-1,-1,-0.75,-1,-0.77,0.24,-0.91,-1,1,-0.92,-1,-1,0.57,-1,-1,-1,-0.5,-1,1,-1,-1,-1,-0.79,-1,-1,-1,-1,-0.86,-0.21,-1,-0.83,-1,-1,0.13,-0.6,-0.59,-1,-0.75,-1,-1,0.16,-1,-1,-0.8,-1,0.38,-0.76,-1,-1,-1,-1,-1,-0.19,-1,-1,-0.71,-1,-1,-1,0.15,-0.74,-0.79,-1,-0.59,-1,0.16,-0.69,-1,-1,-1,-0.78,-1,0.46,-1,-0.83,-1,1,-1,-1,-1,-1,-1,-1,-1,-1,-1,-1,0.2,-1
-0.763,-1,-1,1,-1,-1,-1,-1,-1,-1,1,-1,-1,1,-1,-1,-1,-1,-1,-1,-1,-1,1,-1,-1,3,-1,-1,-1,-1,1,-1,-1,-1,-1,-0.03815,3,-1,1,1,-1,-1,1,-1,-1,-1,-1,-1,-1,-1,-1,1,-1,-1,-1,4,1,2,-1,1,-1,-1,-1,-0.56,0.51,0.56,-0.35,0.39,0.22,-0.19,0.61,0.12,0.14,0.2,0.19,-0.52,-0.34,0.75,-0.48,-0.58,0.64,-0.52,0.65,-0.52,0.51,-0.61,0.34,0.7,-0.66,0.19,0.1,0.18,0.51,-0.95,0.55,-0.63,0.42,0.52,0.26,0.06,0.08,0.11,-0.28,0.25,-0.78,-0.72,0.21,0.41,0.35,0.16,0.39,-0.16,-0.36,0.32,-0.53,0.12,-0.46,-0.69,-0.62,-0.83,-0.59,0.72,-0.9,-0.65,0.16,0.16,-0.7,0.11,0.45,-0.38,0.43,0.18,-0.8,-0.66,0.42,-0.59,-0.68,-0.58,0.39,0.67,0.21,0.19,0.18,-0.84,-0.76,0.07,0.17,-0.79,-0.79,-0.68,0.1,0.37,-0.88,-0.82,0.65,0.29,0.22,0.42,0.26,-0.58,0.51,-0.9,0.17,-0.84,0.37,0.14,-0.88,-0.82,0.29,0.21,-0.71,0.49,0.14,-0.86,-0.82,-0.92,0.11,-0.63,-0.99,-0.83,-0.01,0.24,-0.78
-0.271,-1,-1,-1,-1,-1,1,-1,1,-1,-1,-1,-1,-1,-1,1,-1,1,-1,-1,-1,-1,1,-1,-1,1,-1,-1,-1,-1,1,-1,-1,-1,-1,-0.01355,5,-1,-1,1,-1,1,1,-1,1,1,-1,1,-1,-1,-1,-1,-1,-1,-1,3,2,2,-1,-1,-1,1,-1,-0.8,-0.99,-0.58,-0.64,0.51,-0.98,-0.99,-0.99,-0.96,-0.37,-1,-0.99,-1,-1,-0.37,-1,0.15,-0.46,-0.99,0.17,-0.99,-0.28,-0.99,-0.99,-0.97,-0.99,-0.98,-0.99,-0.99,-0.97,0.25,-0.81,-0.78,-0.99,-0.99,0.24,-0.97,-0.99,-0.98,0.52,-0.79,-0.97,-0.98,-0.97,-0.98,0.2,-0.86,-1,-0.99,-0.68,-0.99,-0.97,-0.97,0.58,-0.53,-0.98,-1,-1,-0.99,-1,-1,0.97,-0.98,-0.59,-0.27,0.25,-0.99,0.37,0.27,-0.98,-1,0.45,-0.99,-1,-0.96,-0.88,0.56,-0.99,-0.21,-0.97,-0.68,-0.98,-0.43,-0.99,-0.99,-0.99,0.2,-0.98,-0.98,-0.69,-0.99,-0.99,0.25,-0.39,-0.48,-0.38,0.27,-0.6,-0.99,-0.99,-0.99,-0.98,-1,-0.99,-0.99,-0.97,-0.99,-0.99,0.35,0.18,0.14,-0.98,-0.98,-0.99,-0.48,0.25,-0.54,-0.98,-0.52,0.98
-0.575,1,-1,-1,-1,-1,-1,-1,-1,-1,1,-1,1,-1,-1,-1,-1,-1,-1,-1,1,-1,-1,-1,-1,2,-1,-1,-1,-1,1,-1,-1,-1,-1,-0.02875,3,1,-1,1,1,-1,-1,-1,-1,-1,-1,-1,-1,-1,1,-1,-1,-1,-1,3,3,0,-1,-1,1,-1,-1,-0.81,-0.73,-0.52,-0.83,-0.95,-0.88,-0.91,-0.84,-0.87,-0.89,-0.8,-0.85,-0.85,-0.12,0.33,-0.76,-0.79,0.12,-0.67,0.19,-0.81,-0.4,-0.19,0.36,0.17,-0.16,-0.82,0.13,0.11,0.15,0.1,0.22,0.27,-0.76,0.17,0.33,-0.64,-0.6,-0.59,0.29,0.31,-0.51,-0.67,-0.58,0.22,0.27,-0.56,0.22,0.12,0.24,0.16,-0.35,0.14,0.22,0.1,-0.6,0,0.13,-0.63,-0.58,-0.74,-0.42,0.06,-0.74,-0.7,-0.61,-0.55,-0.53,-0.52,-0.54,-0.52,-0.45,-0.27,0.27,0.36,0.15,0.58,-0.73,-0.46,0.54,0.36,-0.47,0.5,-0.62,-0.69,-0.63,0.12,-0.63,0.52,-0.64,0.27,-0.61,-0.5,-0.38,-0.61,-0.24,0.1,0.15,0.07,-0.34,0.16,-0.5,0.11,0.11,-0.31,0.17,-0.45,0.08,0.75,0.29,0.15,-0.49,-0.25,0.35,-0.43,0.52,-0.43,-0.3,-0.77,-0.64
-0.431,-1,-1,1,-1,-1,-1,-1,-1,-1,1,-1,-1,1,-1,-1,-1,1,-1,-1,1,-1,-1,-1,-1,2,-1,-1,-1,-1,1,-1,-1,-1,-1,-0.02155,2,1,-1,1,1,1,1,1,1,1,-1,1,-1,-1,-1,-1,-1,-1,-1,4,0,1,1,-1,-1,-1,-1,0.25,0.37,-0.38,0.14,0.08,0.44,-0.57,-0.43,-0.01,0.3,0.35,0.27,-0.35,-0.09,0.37,0.27,-0.13,-0.8,0.16,0.07,-0.17,0.11,0.21,0.19,0.16,0.16,0.16,-0.01,0.07,0.22,0.14,0.32,0.04,-0.02,0.14,0.32,0.24,0.1,0.02,0.08,0.12,0.4,-0.62,0.05,0.11,0,-0.99,0.21,0.31,0.41,0.27,-0.35,0.09,-0.02,0.09,-0.68,-0.7,0.11,0.45,0.03,0.09,0.16,0.12,-0.78,0.22,0.12,0.14,0.11,0.13,0.2,0.13,0.14,0.22,-0.33,0.2,0.21,0.41,-0.46,0.16,-0.63,-0.02,-0.86,0.37,0.13,-0.15,-0.01,-0.86,-0.8,0.26,-0.14,0.08,0.15,0.29,0.22,0.2,0.27,0.3,-0.5,-0.81,0.79,0,-0.4,0.33,0.01,0.08,0.13,0.09,-0.47,0.12,0.09,-0.67,-0.41,-1,0.14,0.01,-0.94,-0.17,-1,0.37,-0.61
-0.061,-1,-1,1,-1,-1,-1,1,-1,-1,-1,-1,-1,1,-1,-1,-1,1,-1,-1,-1,-1,1,-1,-1,1,-1,-1,-1,-1,1,-1,-1,-1,-1,-0.00305,4,-1,1,-1,1,1,-1,1,1,1,-1,1,-1,-1,-1,-1,-1,-1,-1,4,0,0,-1,-1,-1,1,-1,0.29,0.55,-0.2,-0.47,-0.64,-1,-0.65,-0.17,0.37,-0.13,0.14,-0.45,-0.98,-0.43,0.12,-0.75,-1,-1,-0.16,0.27,-1,1,0.59,0.71,0.32,-0.21,0.32,0.13,-0.2,-0.74,1,-0.2,-0.31,0.38,0.74,-0.18,-0.32,-0.39,-0.36,0.39,0.23,0.13,0.08,0.29,-0.38,-1,0.18,-0.13,-0.8,-0.22,-1,-0.22,0.2,0.36,-0.1,-0.76,-0.76,-0.69,-0.09,-0.98,-0.56,-0.42,-0.16,-1,-0.29,-0.12,0.21,-0.88,-0.17,-1,-0.18,-0.15,-1,-1,-0.19,-0.16,0.45,-1,-0.23,-1,0.47,-1,0.2,0.19,0.24,-0.65,-0.15,-0.56,-0.37,-0.01,-0.28,-0.11,0.09,-0.65,0.12,-0.61,0.29,-0.58,0.79,0.23,-0.74,-0.14,-1,-0.48,-0.34,-0.99,0.24,-0.99,0.24,0.54,0.15,-1,0.18,-0.2,-0.74,0.8,-0.54,-0.69,-0.64,0.12
0.114,-1,-1,1,-1,-1,-1,-1,-1,1,-1,-1,-1,1,-1,-1,-1,-1,1,-1,-1,-1,-1,-1,-1,2,-1,-1,-1,-1,1,-1,-1,-1,-1,0.0057,5,-1,-1,-1,-1,1,-1,1,1,1,-1,-1,-1,1,-1,-1,-1,-1,-1,2,1,2,-1,1,-1,-1,-1,-0.91,-0.77,0.69,0,0.35,-0.77,-0.79,-0.49,0.01,0.16,0.26,-0.55,0.01,-0.38,0.8,0.6,0.27,-0.67,0,0.53,0.38,0.53,0.48,0.62,0.88,0.71,0.59,0.59,0.76,0.66,0.78,0.38,0,0.32,-0.24,-0.91,0,-0.44,0.43,0.83,0.01,0.01,0.01,0.49,0.56,0.45,-0.51,0,0.35,0.58,0.52,-0.77,0.58,-0.01,-0.01,0,-0.58,0.12,-0.02,0.01,0.19,-0.33,-0.01,-0.57,-0.01,0.18,0.09,0.13,-0.34,0.01,0.13,0.28,-0.38,0.01,0.43,0.24,-0.74,-0.65,0.4,-0.57,0.13,-0.36,-0.34,-0.46,-0.51,-0.38,-0.51,0.3,0.24,-0.4,-0.41,-0.68,0.35,0.26,0.17,0,0.1,0,0.02,0.14,-0.16,-0.41,0.01,0.22,0.11,0.15,-0.19,0,-0.31,0.13,0.18,0.12,0,0.01,0.11,-0.48,-0.37,0.01,0.14,0.14
-0.203,-1,-1,1,-1,-1,-1,-1,1,-1,-1,-1,-1,1,-1,-1,-1,1,-1,-1,1,-1,-1,-1,-1,1,-1,-1,-1,1,-1,-1,-1,-1,-1,-0.01015,2,-1,1,1,-1,1,1,1,1,1,-1,1,-1,-1,-1,-1,-1,-1,-1,3,0,2,1,-1,-1,-1,-1,0.35,0.19,0.2,0.17,-0.28,-0.19,0.39,0.25,0.21,0.19,0.28,0.37,0.31,0.28,0.41,0.31,0.19,0.4,0.43,0.42,0.26,0.42,0.27,0.55,0.28,0.21,0.3,0,0.24,0.28,0.29,0.41,0.37,0.28,0.42,0.28,0.36,0.19,0.23,0.53,0.25,0.23,0,0.37,0.29,0,0,0.6,0.24,0.55,0.35,0,0.3,0,0.41,0.23,0.26,0.2,0.49,0,0.48,0.37,0.34,0.52,0.45,0.39,0,0.48,0.43,0.2,0,0.44,0,0,0.28,0.28,0.31,0.45,0.54,0.62,0.36,0.47,0.48,0.58,0.4,0.36,0.67,0,0.37,0.1,0.28,0.22,0.62,0.44,0.42,0.24,0.32,0.52,0,0.36,0.36,0.31,0.35,0,0,0.53,0.44,0.4,0.58,0.51,0.25,0,-0.49,0.2,0.34,0,0.17,0.33,0.47,0.55
-1.238,-1,-1,1,-1,-1,-1,-1,-1,-1,1,-1,-1,1,-1,-1,-1,-1,-1,-1,1,-1,-1,-1,-1,0,1,-1,-1,-1,-1,-1,-1,-1,-1,-0.0619,5,1,-1,1,1,1,1,1,-1,1,-1,1,-1,-1,-1,-1,-1,-1,-1,4,1,0,-1,1,-1,-1,-1,0.19,-1,1,-0.49,0,-1,0,-0.48,-0.02,0.44,-0.01,0.02,-0.52,0.49,0,0.47,-1,-0.38,0.48,0.47,0.02,0.01,-0.86,0.52,0.52,0.77,0.01,0.5,0.54,0.62,0.01,-0.01,-0.82,-0.01,-1,-0.01,-0.01,0.01,-1,0.54,0.56,-1,-0.01,0.47,-0.54,0.01,-1,0.55,-0.98,0.51,0,0,0.49,-1,-0.99,-0.02,-1,-0.01,0.68,-1,-1,0.52,0.01,0.01,0.5,0,0.52,-1,-0.02,-1,-0.98,-0.02,-1,-1,-0.71,1,0.52,-1,-0.67,-1,-1,-1,0,-0.58,0.02,-1,-1,0.52,0,-1,-0.6,0.23,0,0.5,-1,-0.99,0.25,-0.02,-1,0.37,-0.52,-0.46,-1,0,-1,-0.01,0.5,-0.99,-1,-0.01,-0.62,-0.02,-1,0,0.28,-0.99,-0.01,-1,0.01,0.54
-0.358,-1,-1,1,-1,-1,-1,-1,1,-1,-1,-1,-1,1,-1,-1,-1,1,-1,-1,-1,-1,1,-1,-1,1,-1,-1,-1,1,-1,-1,-1,-1,-1,-0.0179,4,-1,-1,1,1,-1,-1,-1,-1,1,-1,-1,-1,-1,-1,-1,-1,1,-1,4,1,1,-1,-1,1,-1,-1,0.23,-0.36,0.16,-0.48,0.24,-0.04,-0.95,0.15,-0.01,-0.51,-0.97,-0.48,-0.97,0.26,0.25,0.29,0.29,0.54,-0.91,0.63,-0.33,0.67,-0.36,-0.3,-0.96,0.17,-0.95,-0.9,-0.9,0.26,0.07,0.42,-0.81,-0.98,0.27,0.16,-0.99,-0.94,-0.98,0.49,0.38,-0.61,0.39,0.39,-0.41,0.01,-1,0.36,0.58,0.39,-0.91,0.42,-0.15,0.54,0.57,-0.71,0.16,-0.26,0.32,0.12,-0.81,0.46,-0.78,-0.98,-0.52,-0.85,-0.75,0.3,0.38,-1,-0.62,0.56,-0.97,-0.45,-0.69,0.22,-0.92,-0.99,-0.56,-0.58,-0.88,-0.25,-0.34,0.28,0.11,-0.97,0.12,-0.97,0.1,-0.94,-0.98,-0.85,0.21,-0.75,-0.35,-0.95,0.28,-0.97,0.28,-0.98,-0.97,-0.71,0.69,-0.98,-0.84,-0.55,-0.84,0.36,-0.97,-0.32,0.38,-1,-0.98,-0.81,-0.88,-0.98,-0.71,-0.84,-0.81,-0.71
-0.653,-1,1,-1,-1,-1,-1,-1,-1,-1,-1,1,-1,-1,1,-1,-1,-1,-1,-1,-1,-1,1,-1,-1,3,-1,-1,-1,-1,1,-1,-1,-1,-1,-0.03265,2,-1,-1,1,1,-1,-1,-1,1,1,-1,-1,-1,1,-1,-1,-1,-1,-1,4,0,2,1,-1,-1,-1,-1,-1,-1,0.25,-0.79,0.29,-1,-0.02,0.3,-0.43,0.26,0.33,0.13,-0.51,0.04,0.34,0.27,-0.32,-0.73,-0.6,0.31,-1,-0.97,-1,-0.59,-0.78,0.5,0.61,-1,0.32,-0.37,-1,-1,-0.94,-1,0.49,-0.64,-1,0.64,-1,-0.6,-1,-1,-1,-1,-1,-1,0.37,-1,-0.97,-1,0.23,-1,0.39,-1,-0.92,-1,-1,-1,-1,-0.44,-1,-1,0.56,0.52,-1,-0.46,0.22,0.55,-0.69,-1,-1,-0.86,-1,-0.64,0.19,-0.43,0.58,-1,0.59,0.79,-0.9,-0.82,-0.7,-0.67,0.21,-0.94,-0.91,-1,0.32,-1,0.99,0.24,0.6,-0.89,-0.76,-0.56,-0.96,1,-1,0.49,-1,-1,-1,0.66,-1,0.82,1,-0.88,1,-0.6,0.51,-1,-1,1,0.8,-1,0.75,1,-0.87,-0.82
-1.017,-1,-1,1,-1,-1,-1,-1,1,-1,-1,-1,-1,1,-1,-1,-1,-1,-1,-1,-1,-1,1,-1,-1,3,-1,-1,-1,-1,1,-1,-1,-1,-1,-0.05085,5,1,-1,1,1,-1,-1,1,-1,1,-1,1,-1,-1,-1,-1,-1,-1,-1,2,2,1,-1,-1,-1,1,-1,-0.97,-0.88,0.79,0.85,0.01,-0.95,0.53,0.71,0.56,0.32,0.84,0.17,-0.02,0.92,0.9,0.99,-0.78,-0.94,0.87,-0.96,0.91,0.81,0.19,0.64,0.72,0.8,0.81,0.89,0.86,0.84,-0.85,-0.89,-0.89,-0.73,-0.88,-0.89,0.91,-0.87,-0.89,-0.93,-0.83,-0.53,-0.89,-0.88,-0.92,0.03,0.2,-0.82,-0.89,-0.9,0.29,-0.01,-0.85,0.88,-0.91,-0.95,-0.94,0.22,0.28,-0.96,-0.95,-0.93,-0.98,-0.7,0.85,-0.86,-0.96,-0.97,0.87,-0.95,0.56,0.86,-0.93,-0.87,-0.9,0.88,0.85,0.01,-0.85,-0.96,0.68,-0.94,-0.95,-0.93,0.01,-0.95,-0.98,-0.96,0.95,-0.84,0.87,-0.97,0.76,0.61,0.82,0.97,0.75,0.4,-0.95,-0.86,-0.92,-0.91,-0.92,0.65,-0.9,0.92,0.87,-0.01,-0.88,-0.99,0.65,-0.87,-0.9,0.96,0.8,-0.96,0.47,-0.95,0.83,-0.93
-1.138,-1,-1,-1,-1,-1,1,-1,-1,1,-1,-1,-1,-1,-1,1,-1,-1,-1,-1,-1,-1,1,-1,-1,0,-1,-1,-1,-1,1,-1,-1,-1,-1,-0.0569,4,-1,1,1,1,-1,1,1,1,1,-1,1,-1,-1,-1,-1,-1,-1,-1,2,0,0,1,-1,-1,-1,-1,-1,-0.99,0.37,-1,0.14,-1,-1,-1,0.61,-0.2,0.54,0.22,0.59,-0.51,0.99,1,1,0.54,0.69,1,0.66,1,0.24,0.15,0.57,-0.2,-0.53,0.21,0.52,-0.39,-0.58,-0.18,-0.19,-1,0.37,-1,-0.44,-0.61,0.42,0.79,1,-1,-0.53,1,-1,1,0.83,-0.56,-0.82,-0.31,0.36,0.16,1,-1,0.43,-1,-1,-0.99,0.12,-1,0.32,-1,0.35,-0.32,-0.13,0.3,0.55,-0.67,0.19,-1,-1,0.15,-1,-1,-1,0.22,-1,-1,0.05,0.07,0.28,-1,0.12,-0.42,-1,-0.6,0.18,0.13,-1,-1,0.16,-0.16,0.16,0.13,0.32,0.09,-0.4,0.13,-1,-0.45,-1,-1,-1,0.12,0.33,0.33,0.69,-1,0.15,0.76,-0.8,-1,-1,-1,0.33,-1,-1,0.12,-1,-1
-0.195,-1,-1,-1,-1,-1,1,-1,1,-1,-1,-1,-1,1,-1,-1,-1,-1,-1,-1,-1,-1,1,-1,-1,0,-1,-1,-1,-1,1,-1,-1,-1,-1,-0.00975,5,-1,1,-1,1,1,-1,1,1,1,-1,1,-1,-1,-1,-1,-1,-1,-1,4,3,0,-1,1,-1,-1,-1,-0.99,-0.94,0.2,-0.92,0.12,-0.94,-0.91,0.12,0.24,0.09,-0.06,-0.6,-0.83,-0.58,-0.9,0.09,-0.76,-0.98,-0.93,-0.99,-0.94,-0.47,-0.97,0.08,0.41,-0.1,-0.01,0.53,0.27,0.14,0.13,-0.98,-0.98,-0.99,0.43,-0.54,0.02,0.19,-0.1,0.6,0.4,0.12,0.01,0.27,-0.9,-0.53,-0.98,0.13,0.01,0.09,-0.23,-0.87,0.57,-0.97,-0.97,-0.95,-0.98,-0.92,0.23,-0.99,-0.97,-0.31,-0.85,-0.97,-0.81,-0.99,-0.99,-0.96,-0.02,-0.97,0.35,0.18,-1,-0.99,-0.98,0.26,-0.89,-0.98,-0.98,-0.97,0.37,-0.98,-0.98,-0.95,-0.96,-0.93,-0.95,-0.74,-0.98,-0.97,-0.94,0.1,-0.59,-0.99,0.14,0.09,0.14,0.18,-0.98,-0.98,-0.98,-0.97,-0.99,-0.96,0.08,0.3,0.08,-0.88,-0.95,0.08,0.15,-0.96,0.17,-0.89,-0.96,-0.88,-0.97,-0.96,-0.45,-0.91
-0.507,-1,-1,1,-1,-1,-1,-1,1,-1,-1,-1,-1,1,-1,-1,-1,1,-1,-1,-1,-1,1,-1,-1,3,-1,-1,-1,-1,1,-1,-1,-1,-1,-0.02535,5,-1,-1,1,1,1,1,1,-1,-1,-1,1,-1,-1,-1,-1,-1,-1,-1,4,0,1,-1,1,-1,-1,-1,-1,0.39,-0.07,-0.54,0.51,-1,-0.35,-1,0.23,0.05,-0.28,-0.06,-0.54,-0.77,0.05,-0.3,-0.58,-1,-0.54,0.51,-1,-0.93,-0.88,-0.57,0.03,-0.33,-0.1,-0.83,0.09,-0.75,-0.87,0.16,-1,-1,-0.85,-0.47,0.1,-0.11,0.08,0.4,0.12,0.05,-0.84,0.2,0.11,0.53,-0.32,0.1,0.16,0.23,0.17,0.11,0.6,0.23,0.25,0.43,-0.52,-0.63,0.33,-1,-0.6,-0.43,-0.18,-0.87,0.09,0.24,0.49,0.07,0.36,-1,0.54,0.54,-1,0.32,-0.37,0.6,0.3,-0.82,0.12,-0.15,-0.3,-1,-0.28,0.43,0.46,0.2,-1,0.42,0.3,-1,0.11,0.22,0.53,0.17,0.27,0.39,-0.3,0.49,-0.55,0.23,-0.53,0.16,0.14,0.3,-0.75,0.21,-0.23,0.12,-1,0.21,-0.56,-0.77,-1,-0.69,0.32,0.08,-0.33,0.24,0.15,0.55
0.064,-1,-1,1,-1,-1,-1,1,-1,-1,-1,-1,-1,1,-1,-1,-1,-1,1,-1,-1,-1,-1,-1,-1,2,-1,-1,-1,-1,1,-1,-1,-1,-1,0.0032,5,1,-1,1,1,1,-1,1,1,1,-1,-1,-1,1,-1,-1,-1,-1,-1,3,2,2,-1,1,-1,-1,-1,-0.76,-0.65,0.13,-0.92,-0.79,0.22,0.29,-0.29,0.44,0.27,0.33,-0.23,-0.31,-0.26,0.41,-0.37,0,-0.04,0.02,-0.26,0.27,-0.24,-0.68,-0.33,0.45,0.17,-0.36,0.18,0,-0.38,0,-0.44,-0.23,-0.26,-0.25,-0.25,-0.28,-0.45,-0.57,0.33,0.13,-0.79,-0.03,0.23,-0.5,-0.47,-0.21,0.15,0.15,0.37,0.21,0.12,0.23,-0.44,-0.44,-0.74,-0.97,-0.58,0.55,-0.48,-0.46,-0.41,-0.52,-0.63,0.17,0.31,0.5,0.45,0.25,-0.35,-0.37,0.11,-0.27,-0.25,-0.24,-0.32,0.32,-0.69,0.12,-0.52,-0.3,-0.44,-0.37,0.28,0.08,-0.31,-0.71,0.11,-0.34,-0.61,-0.5,-0.1,0.09,0.16,0.14,0.23,0.35,0.15,-0.62,0.14,-0.43,-0.45,-0.98,0.23,0.18,0.21,0.2,-0.38,-0.48,-0.31,-0.4,-0.44,-0.99,0.71,0.22,0.1,0.4,-0.55,0.1,0.15
-0.374,-1,-1,-1,-1,-1,1,1,-1,-1,-1,-1,-1,-1,-1,1,-1,1,-1,-1,1,-1,-1,-1,-1,1,-1,-1,-1,-1,-1,-1,1,-1,-1,-0.0187,2,-1,1,1,1,-1,-1,-1,1,1,1,-1,-1,-1,-1,-1,-1,-1,-1,4,0,2,1,-1,-1,-1,-1,-0.78,-1,-0.95,0.24,-0.95,-0.92,0.62,0.15,-0.77,-1,-0.59,-0.32,-1,-1,-0.76,-0.98,-0.71,0.41,-0.96,-0.29,-0.97,-1,-1,-1,-0.95,-0.97,0.45,0.18,-0.12,-0.96,-1,-0.7,0.3,-1,-0.98,-0.88,-1,-1,-1,-0.8,-0.59,-1,-0.79,0.37,-1,-1,-1,-1,-0.89,-0.72,-0.83,-1,-1,-1,-0.96,-1,0.59,-1,-1,-0.97,-1,-1,-1,0.11,-1,-1,-1,-0.91,-1,-1,-1,-1,-1,-1,-0.36,-0.7,-0.96,0.5,-1,-0.1,-0.81,-1,-1,-1,-1,-1,0.09,-1,-0.87,-1,-1,0.22,-0.83,-1,-1,0.12,-0.79,-0.3,-0.94,-1,-1,-1,-1,-0.96,0.1,-0.95,-1,-1,-0.96,-0.69,-0.85,-1,-1,-1,-0.34,0.32,-0.54,0.27,-1,-1
-0.065,-1,1,-1,-1,-1,-1,1,-1,-1,-1,-1,-1,-1,1,-1,-1,1,-1,-1,-1,-1,1,-1,-1,4,-1,-1,-1,1,-1,-1,-1,-1,-1,-0.00325,3,-1,1,1,-1,-1,1,-1,1,1,-1,-1,-1,1,-1,-1,-1,-1,-1,3,1,1,-1,1,-1,-1,-1,-0.51,-0.62,-0.63,-0.78,-0.81,-0.23,-0.48,-0.24,-0.31,-0.67,-0.82,-0.48,-0.6,-0.22,0.09,-0.57,-0.49,-0.37,-0.73,-0.53,0.39,-0.21,-0.46,-0.31,-0.25,-0.12,-0.75,-0.87,-0.66,-0.77,-0.95,-0.78,-0.46,-0.81,-0.26,-0.71,-0.63,-0.83,-0.76,-0.4,-0.66,0.09,-0.73,0.08,-0.33,0.57,-0.29,-0.3,-0.26,0.17,-0.29,-0.48,-0.55,-0.48,0.09,-0.53,-0.38,-0.11,0.28,0.16,-0.55,-0.2,-0.6,-0.65,-0.46,-0.53,-0.04,-0.65,-0.3,-0.52,-0.61,0.41,-0.42,-0.56,-0.84,0.12,0.76,-0.28,-0.45,-0.69,-0.6,-0.27,-0.7,-0.19,-0.1,0.33,-0.06,-0.23,0.5,0.2,-0.41,0.48,0.15,-0.46,0.33,0.32,-0.23,-0.17,-0.88,-0.76,-0.58,0.06,-0.48,-0.42,-0.68,-0.35,-0.3,-0.53,0.56,0.35,-0.47,-0.66,-0.91,-0.67,-0.4,-0.44,0.26,0,-0.49,-0.48
-0.347,-1,-1,1,-1,-1,-1,-1,1,-1,-1,-1,-1,1,-1,-1,-1,1,-1,-1,-1,-1,1,-1,-1,4,-1,-1,-1,-1,-1,-1,1,-1,-1,-0.01735,4,-1,-1,1,-1,1,-1,-1,1,-1,-1,1,-1,-1,-1,-1,-1,-1,-1,4,2,2,-1,1,-1,-1,-1,0.49,-0.84,0.6,0.88,0.24,-0.49,1,0.93,0.27,0.15,0.98,0.89,-0.24,0.62,0.83,0.76,0.99,0.42,-0.14,0.98,0.68,0.69,0.88,0.26,0.73,0.99,0.08,-0.77,0.66,-0.25,0.99,0.81,-0.34,0.73,-0.16,0.93,-0.18,-0.29,-0.75,0.82,0.19,0.45,-0.74,0.95,-0.27,0.98,-0.16,0.98,0.58,0.69,-0.59,-0.45,0.32,0.07,0.57,-0.43,0.9,-0.27,0.14,-0.11,0.18,0.47,-0.32,-0.34,0.43,0.85,0.4,0.35,0.19,-0.3,0.24,-0.42,-0.4,0.47,0.17,0.44,0.71,-0.24,0.4,-0.22,0.27,-0.6,0.24,-0.27,-0.25,-0.36,-0.43,0.1,0.54,-0.1,0.36,-0.64,-0.31,0.25,0.11,0.41,0.33,0.7,-0.89,0.9,0.45,-0.82,-0.15,0.5,0.96,-0.34,0.08,0.39,0.75,-0.21,0.25,-0.78,0.19,0.6,-0.2,-0.43,-0.35,-0.1,0.82,-0.13
-0.222,-1,-1,1,-1,-1,-1,-1,-1,-1,1,-1,-1,1,-1,-1,-1,1,1,-1,-1,-1,-1,-1,-1,2,-1,-1,-1,-1,-1,1,-1,-1,-1,-0.0111,5,-1,-1,1,1,1,-1,1,1,-1,-1,1,-1,-1,-1,-1,-1,-1,-1,4,3,3,-1,1,-1,-1,-1,-0.96,-0.89,0.33,-0.92,0.53,0.78,-0.79,-0.88,0.34,0.17,0.72,0.21,-0.48,0.29,0.4,-0.84,-0.75,0.43,0.33,0.83,0.45,0.45,0.6,0.3,0.47,0.52,0.53,0.16,0.34,0.36,0.41,0.68,0.47,-0.85,-0.97,0.33,0.55,0.33,-0.68,0.63,0.33,0.57,0.29,0.59,0.54,0.21,-0.46,0.48,0.19,0.51,0.32,0.39,-0.11,0.4,0.57,0.28,0.16,0.59,0.47,-0.89,0.55,0.43,0.54,-0.85,0.37,0.78,0.48,0.39,0.73,-0.91,0.67,0.25,-0.97,0.64,0.35,0.76,0.72,-0.7,0.74,-0.47,0.35,-0.97,0.19,0.45,0.64,0.11,0.13,0.71,0.84,0.21,0.64,0.19,0.7,0.54,0.32,0.82,0.47,0.25,-0.98,0.64,0.25,0.09,0.41,0.45,0.58,0.14,0.42,0.43,0.27,0.4,0.48,-0.95,0.44,0.74,0.49,-0.97,0.17,0.13,0.74,0.72
-0.752,-1,1,-1,-1,-1,-1,-1,-1,1,-1,-1,-1,1,-1,-1,-1,-1,1,-1,-1,-1,-1,-1,-1,3,-1,-1,1,-1,-1,-1,-1,-1,-1,-0.0376,5,-1,-1,1,-1,-1,1,1,1,1,-1,-1,1,-1,-1,-1,-1,-1,-1,4,3,1,-1,1,-1,-1,-1,0.63,0.81,-1,-0.97,-0.96,-0.97,0.03,-0.98,-0.27,0.43,-0.7,-0.79,-0.37,0.54,-0.85,-0.89,-0.93,-0.9,-0.82,-0.91,-0.92,-0.96,-0.9,-0.92,-0.92,-0.93,-0.91,-0.96,-0.91,0.22,-0.92,-0.93,-0.96,-0.95,-0.92,-0.96,-0.85,-0.9,-0.9,-0.79,-0.92,-0.94,-0.89,-0.88,-0.84,-0.95,-0.94,-0.87,-0.96,0.54,-0.94,-0.92,-0.89,-0.95,0.39,-0.95,-0.6,-0.9,-0.85,-0.89,-0.92,-0.9,-0.95,0.37,-0.95,-0.94,0.22,-0.92,-0.95,-0.93,-0.88,-0.91,-0.97,-0.89,-0.87,0.84,-0.95,-0.87,-0.98,-0.91,-0.95,-0.92,-0.92,-0.9,-0.93,-0.91,-0.95,-0.94,-0.87,-0.93,-0.92,-0.94,0.7,-0.97,0.55,-0.97,0.04,-0.93,-0.96,-0.96,-0.94,-0.94,-0.96,-0.91,-0.96,-0.94,-0.94,-0.98,-0.91,-0.98,-0.91,-0.97,-0.96,-0.95,-0.96,-0.96,-0.99,-0.94,-0.96,-0.98
-0.853,-1,-1,1,-1,-1,-1,-1,1,-1,-1,-1,-1,1,-1,-1,-1,-1,-1,-1,-1,-1,1,-1,-1,3,-1,-1,-1,-1,1,-1,-1,-1,-1,-0.04265,3,1,-1,1,1,-1,1,-1,1,1,-1,1,-1,-1,-1,-1,-1,-1,-1,2,0,2,-1,1,-1,-1,-1,0.12,0.6,0.41,-0.79,0.2,-0.8,0.23,0.34,0.22,0.22,0.27,-0.24,-0.75,-0.65,0.54,-0.34,-0.22,0.64,0.41,-0.17,-0.69,0.44,-0.62,0.82,0.43,-0.72,0.23,0.36,0.1,0.66,0.23,0.88,-0.67,-0.45,0.11,0.23,-0.2,-0.52,0.14,0.37,0.29,-0.25,-0.6,-0.14,0.14,0.52,-0.2,-0.13,0.14,0.69,0.16,-0.56,0.11,0.29,-0.84,-0.32,-0.84,0.32,0.15,-0.31,-0.86,-0.27,-0.1,-0.37,0.64,0.11,0.4,0.16,0.12,0.01,0.5,0.18,0.04,-0.4,-0.6,0.7,0.41,0.5,0.2,0.65,-0.83,-1,-0.71,0.19,-0.46,-0.28,-0.75,0.13,-0.34,-1,0.52,0.21,0.44,0.13,0.08,0.61,0.17,0.17,-1,-0.17,-0.64,-0.38,0.12,0.11,-0.46,0.19,0.72,0.18,-0.73,-0.68,-0.63,-0.8,-1,0.33,0.18,-0.83,0.16,0.42,0.58,-0.17
0.742,-1,-1,1,-1,-1,-1,-1,1,-1,-1,-1,-1,1,-1,-1,-1,1,-1,1,-1,-1,-1,-1,-1,5,-1,1,-1,-1,-1,-1,-1,-1,-1,0.0371,4,-1,1,1,1,1,-1,1,1,1,-1,1,-1,-1,-1,-1,-1,-1,-1,2,3,3,-1,1,-1,-1,-1,-0.79,-0.94,-0.14,0.07,-0.23,-0.9,-0.13,-0.79,-0.9,-0.84,0.13,-0.87,-0.86,-0.89,-0.93,-0.95,-0.91,0.33,0.14,0.25,-0.95,0.07,0.13,-0.8,-0.75,-0.85,-0.9,-0.92,-0.88,-0.9,-0.94,-0.82,0.04,-0.87,-0.89,-0.92,-0.87,-0.92,-0.9,-0.92,-0.92,-0.87,-0.87,-0.92,-0.91,0.1,-0.92,-0.93,-0.92,-0.9,-0.85,-0.88,-0.9,-0.9,-0.92,-0.92,-0.94,-0.93,-0.8,-0.86,-0.91,-0.86,-0.9,-0.74,-0.88,0.1,-0.86,-0.87,-0.67,-0.98,-0.9,-0.9,-0.92,-0.88,-0.85,-0.94,0.76,-0.86,-0.9,-0.92,0.13,-0.96,-0.88,-0.91,-0.94,-0.97,0.08,-0.95,0.09,-0.92,-0.96,-0.62,-0.92,-0.88,-0.94,-0.95,-0.93,-0.93,0.11,0.27,-0.89,-0.97,-0.89,-0.9,-0.88,-0.89,-0.94,-0.95,0.04,-0.9,0.04,-0.91,-0.9,-0.91,-0.89,-0.9,-0.93,-0.88,-0.9,0.06
-0.761,-1,-1,1,-1,-1,-1,-1,1,-1,-1,-1,-1,1,-1,-1,-1,-1,1,-1,-1,-1,-1,-1,-1,1,-1,-1,-1,-1,-1,-1,1,-1,-1,-0.03805,5,-1,1,1,1,-1,-1,-1,1,1,-1,-1,-1,1,-1,-1,-1,-1,-1,3,3,1,-1,-1,-1,-1,1,-0.97,-0.99,-0.01,-0.42,-0.98,-0.98,0.32,-0.97,-0.57,-0.8,-0.97,0.57,-0.94,0.01,0.71,-0.99,-0.6,-0.98,-0.98,0.74,-0.04,-0.98,-0.99,-0.75,0.36,0.18,0.6,-0.99,-0.75,0.09,-0.98,-0.98,0.8,-0.97,-0.96,-0.97,0,-0.97,-0.99,0.2,-0.55,-0.98,-0.97,-0.97,0.75,-0.99,-0.98,-0.99,0.1,-0.03,-0.03,-0.44,0,-0.97,-0.95,-0.78,-0.99,-0.97,-0.98,-0.98,-1,-0.99,-0.8,0.26,0.12,0.46,0.26,-0.96,0.56,-0.96,-0.9,-0.01,-0.98,-0.96,-0.99,0.63,0,-0.99,-0.98,-0.97,-0.97,-0.98,-0.98,0.11,-0.99,-0.95,-0.97,-0.96,-0.02,-0.98,0.06,0.3,0.12,0.11,-0.97,-0.02,-0.96,0,-0.97,-0.98,-0.98,-0.97,-0.75,-0.02,-0.97,-0.81,-0.93,-0.95,-0.97,-0.96,-0.98,-0.97,-0.98,0.33,-0.99,-0.97,-0.04,-0.94,-0.98,-0.98
-0.215,-1,-1,1,-1,-1,-1,-1,-1,-1,1,-1,-1,1,-1,-1,-1,1,-1,-1,1,-1,-1,-1,-1,0,1,-1,-1,-1,-1,-1,-1,-1,-1,-0.01075,3,-1,1,-1,-1,-1,-1,-1,-1,-1,-1,-1,1,-1,-1,-1,-1,-1,-1,4,0,1,1,-1,-1,-1,-1,-0.97,-0.99,-0.98,0.98,-0.98,-0.97,-0.98,-0.95,-0.99,-0.98,-0.97,-0.96,-0.97,-1,-0.98,-0.98,-1,-0.97,-0.96,-0.99,-0.97,-0.98,-0.98,-0.96,-0.92,-0.98,-0.19,0.01,0.45,-1,0.41,-0.97,-0.98,-0.99,-0.97,-0.98,-1,-1,-0.97,-0.98,-0.98,-0.98,-0.97,-0.98,-0.97,-0.99,-0.99,-1,-0.96,-0.02,-0.98,-0.97,-1,-0.99,-0.97,-0.99,-0.98,-0.98,-1,-0.99,-0.97,-0.98,-1,-0.99,-0.99,-0.99,-0.98,-0.98,-1,-0.97,-0.98,-0.98,-0.96,-1,-0.97,-0.98,-0.98,-0.99,-0.98,-0.98,-0.95,-0.98,-0.96,-0.98,-0.99,-0.99,-0.98,-0.99,-0.98,-0.98,-0.98,0.02,-0.94,-0.98,-0.95,-1,-0.98,-0.01,-0.98,-0.98,-0.97,-1,-0.98,-0.98,-0.97,-0.97,-0.96,-0.99,0.96,-0.95,-0.98,-0.97,-0.97,-0.99,-0.98,-0.98,-0.95,-0.99,-0.01,-0.98
-0.663,-1,-1,1,-1,-1,-1,-1,-1,-1,1,-1,-1,1,-1,-1,-1,-1,-1,-1,1,-1,-1,-1,-1,3,-1,-1,-1,-1,-1,-1,1,-1,-1,-0.03315,4,1,-1,1,1,-1,1,1,-1,1,-1,1,-1,-1,-1,-1,-1,-1,-1,3,2,1,-1,1,-1,-1,-1,-1,-1,-1,-1,0.01,-0.99,-0.01,-1,-1,-1,0,-1,0,0.4,0.41,-1,-1,-1,-1,0.01,-1,0.27,0.32,-0.01,-1,0,-1,-1,-0.01,-1,-1,-1,-1,-1,-1,-1,-1,-1,-1,-0.02,-1,-0.01,-0.97,-1,-1,0.01,-1,-1,-1,0.01,-1,-0.96,0,-0.96,-1,-1,-1,-1,-1,-1,-1,-1,-1,-1,-1,0.36,0.41,0.45,-1,-1,0.52,-1,-1,-0.97,-1,-0.01,-0.99,-1,-1,-1,-1,-1,0.42,-1,-1,-1,-1,-1,-1,-1,-1,-1,-1,-0.98,-1,-1,-1,-1,-1,0.44,-0.96,-0.99,-1,0,-1,-1,-1,-0.02,-1,-1,-1,-0.96,-1,-1,-1,-1,-1,-1,-1,-1
-0.798,-1,-1,1,-1,-1,-1,-1,-1,-1,1,-1,-1,1,-1,-1,-1,-1,-1,-1,1,-1,-1,-1,-1,1,-1,-1,-1,-1,1,-1,-1,-1,-1,-0.0399,3,1,-1,1,-1,-1,1,1,-1,1,-1,1,-1,-1,-1,-1,-1,-1,-1,3,2,1,-1,-1,1,-1,-1,-0.42,0.21,0.23,0.25,-0.72,-0.69,0.01,0.08,-0.72,0.14,0.32,-0.02,0.57,0.13,0.26,-0.4,-0.57,-0.29,0.18,0.51,0,-0.37,-0.27,0.49,0.01,0.42,0.2,0.09,0,-0.38,0,0.17,0.5,0,0.26,-0.35,0.12,0.05,0.09,0.44,-0.13,-0.09,0,0.14,0,0.08,0.14,0.01,0.12,0.41,-0.26,0.11,0.14,-0.36,-0.24,-0.26,-0.01,-0.02,0.75,0,-0.57,0.16,0.47,0.14,0.18,0.27,0.45,0.3,0.53,-0.46,0,0.46,-0.44,0.01,0.32,0.03,-0.01,0.11,0.01,0.26,0.44,-0.66,0.27,-0.43,0,0.35,-0.02,0.31,-0.15,-0.6,-0.01,0.39,0.58,0.07,-0.2,0.09,0.21,0.12,-0.71,0.57,0.1,-0.14,-0.13,-0.01,-0.19,0,0.18,-0.27,0.21,0,0.57,-0.22,-0.29,0.24,0.2,0.33,-0.19,-0.03,-0.2,0.47
-0.855,-1,-1,1,-1,-1,-1,-1,1,-1,-1,-1,-1,1,-1,-1,-1,-1,-1,-1,1,-1,-1,-1,-1,0,-1,-1,-1,-1,1,-1,-1,-1,-1,-0.04275,5,-1,1,1,1,-1,1,-1,1,-1,-1,-1,-1,1,-1,-1,-1,-1,-1,2,0,1,-1,1,-1,-1,-1,-0.67,-0.33,0.31,0.29,0.24,-0.45,-0.45,0.75,-0.52,-0.35,-0.45,-0.33,-0.82,0.56,0.46,0.58,0.63,0.43,-0.56,0.23,-0.64,0.41,-0.58,0.24,-0.42,0.58,0.31,-0.41,0.46,0.76,0.62,0.72,-0.46,-0.4,-0.47,-0.35,-0.65,-0.74,-0.81,0.26,0.67,0.18,0.31,0.43,-0.52,0.25,-0.78,0.18,-0.61,0.44,-0.54,-0.83,0.18,-0.37,-0.28,-0.22,-0.3,0.53,-0.45,0.33,-0.51,0.66,-0.65,0.83,0.74,-0.47,0.23,0.2,0.69,-0.51,-0.44,-0.42,-0.63,0.67,-0.61,0.44,-0.81,-0.79,0.26,-0.78,0.34,-0.73,-0.63,0.32,0.23,0.35,0.79,-0.51,-0.27,-0.84,0.77,0.21,-0.55,-0.4,-0.78,0.8,0.73,-0.77,-0.78,-0.51,-0.81,-0.91,0.82,0.23,-0.63,0.79,-0.64,-0.59,0.43,-0.48,0.28,-0.72,0.58,-0.84,0.72,-0.8,-0.68,-0.77,-0.64,0.56
-0.414,-1,-1,1,-1,-1,-1,-1,-1,1,-1,-1,-1,1,-1,-1,-1,-1,-1,-1,-1,-1,1,-1,-1,3,-1,1,-1,-1,-1,-1,-1,-1,-1,-0.0207,2,1,1,1,-1,-1,-1,1,-1,1,-1,-1,-1,1,-1,-1,-1,-1,-1,2,1,1,-1,1,-1,-1,-1,-1,0.5,0.5,-1,1,-1,1,-0.66,-1,0.36,-1,0.77,1,1,1,-1,-1,-1,1,1,-1,-1,-1,1,1,-1,1,-1,1,0.38,-1,1,0.99,-1,-1,-1,1,-1,1,-0.36,-1,-1,-1,-0.13,1,-1,-0.89,-1,1,1,-0.98,-1,1,-1,-1,-1,-1,1,1,-1,-1,1,1,0.54,1,1,-0.97,-1,-1,1,1,-1,1,0.87,1,-1,1,0.65,0.84,1,0.97,-1,-0.97,-1,1,0.49,1,1,-0.59,-1,1,0.97,-1,0.96,1,-0.95,0.83,1,-1,-1,1,-1,1,1,-1,-0.98,1,-1,-1,1,-1,-1,-1,1,1,1,-1,-1,1,-1
-0.534,-1,-1,1,-1,-1,-1,-1,-1,1,-1,-1,-1,1,-1,-1,-1,-1,1,-1,-1,-1,-1,-1,-1,2,-1,-1,-1,-1,-1,-1,-1,1,-1,-0.0267,4,1,1,1,1,1,1,1,1,1,-1,1,-1,-1,-1,-1,-1,-1,-1,4,1,1,-1,1,-1,-1,-1,0.32,0.49,0.33,0.48,0.47,0.89,0.6,-0.39,0.17,0.14,0.43,0.23,0.14,0.27,0.15,0.19,-0.7,0.58,0.46,0.96,-0.54,0.51,0.69,1,0.44,0.71,0.8,0.37,0.12,0.81,0.84,0.95,0.79,0.88,0.13,0.53,0.16,0.97,1,0.83,0.93,0.56,0.05,0.55,0.23,0.99,0.17,0.61,0.31,0.87,0.25,0.09,0.93,0.99,0.18,0.48,0.28,0.82,0.59,1,0.93,0.93,0.35,0.69,0.96,0.96,0.96,0.96,0.8,-0.62,0.62,0.14,-0.94,0.87,0.95,0.23,0.19,-0.46,0.89,0.96,0.44,-0.38,0.94,-0.72,0.67,-0.84,0.57,-0.92,0.95,0.59,0.79,0.83,0.99,0.77,0.15,0.8,0.93,0.97,-0.01,0.74,0.51,0.08,0.54,0.93,0.47,0.78,0.8,-0.02,0.74,0.95,0.96,0.48,-0.84,0.57,0.68,0.85,0.62,0.19,0.65,0.99
-0.815,-1,-1,1,-1,-1,-1,-1,-1,-1,1,-1,-1,1,-1,-1,-1,-1,1,-1,-1,-1,-1,-1,-1,3,-1,1,-1,-1,-1,-1,-1,-1,-1,-0.04075,3,1,-1,1,1,1,1,1,1,1,-1,-1,-1,1,-1,-1,-1,-1,-1,3,2,2,-1,1,-1,-1,-1,-1,0.11,0.57,0.74,0.24,-1,-0.89,0.11,0.17,0.02,0.59,0.08,0.33,-0.36,0.69,0.03,-0.58,0.16,0.05,0.37,-0.78,0.15,0.15,0.21,0.28,0.07,0.53,0.53,0.11,-0.97,0.39,-0.59,-0.93,-0.97,0.23,-0.12,-0.94,-0.91,-0.76,-0.23,0.9,0.97,-1,0.92,-0.67,0.44,-0.95,0.22,-0.93,0,-0.5,-0.24,-0.01,-0.58,-0.99,-0.93,-0.7,-0.5,0.81,0,-0.87,-0.81,-0.72,-0.36,-0.34,-0.88,0.08,0.63,-0.04,-1,0.07,-1,-0.96,-0.93,-0.93,0.39,0.6,-0.84,0.27,0.08,0.09,-0.97,0.23,-0.2,-0.88,-0.98,-0.99,-0.8,-0.48,-1,-0.76,0.33,-1,0.2,-0.81,-0.9,-1,0.47,-1,0.07,-0.57,-0.91,-0.93,-0.98,0.04,-0.8,0.1,-0.61,0.95,0.13,0.07,-1,0.13,-0.58,0.02,-0.98,-0.99,-0.99,0.05,-0.83
-0.333,-1,-1,1,-1,-1,-1,-1,1,-1,-1,-1,-1,1,-1,-1,-1,1,-1,-1,-1,-1,1,-1,-1,1,-1,-1,-1,-1,-1,-1,1,-1,-1,-0.01665,4,-1,-1,1,1,-1,-1,1,-1,-1,-1,-1,-1,-1,-1,-1,1,-1,-1,2,0,1,1,-1,-1,-1,-1,-0.18,-0.55,0.1,0.5,1,-0.46,-0.19,0.56,0.94,0.48,-0.35,-0.13,-0.67,-0.31,0.08,-0.59,0.24,0.76,-0.33,0.63,0.05,0.49,0.25,0.09,0.24,0.09,0.09,-0.22,-0.64,0.36,0.21,-0.01,-0.15,0.25,-0.15,0.72,-0.66,-0.65,-0.48,0.13,0.55,0.01,-0.6,0.15,-0.15,0.12,-0.79,0.08,0.1,0.04,-0.25,-0.01,0.69,-0.13,0.08,-0.26,0.06,0.05,-0.09,-0.08,-0.24,0.12,-0.14,-0.58,0.05,0.08,0.15,0.06,0.05,-0.97,0.05,0.74,-1,-0.09,-0.16,0.13,0.26,0.1,0.73,0.01,-0.26,-1,0.07,0.83,-0.09,0.02,0.14,-0.63,0.06,0.49,-0.13,0.13,0.13,0.14,-0.13,0.12,0.35,-0.2,0.1,0.35,-0.12,-0.09,-0.05,-0.56,0.26,0.1,-0.09,0.05,0.07,-0.12,0.07,-0.16,-0.54,-0.26,0.3,-0.09,0.18,-0.74,-0.14,0.5
-0.852,-1,1,-1,-1,-1,-1,-1,-1,1,-1,-1,-1,-1,1,-1,-1,1,-1,-1,-1,-1,1,-1,-1,5,-1,1,-1,-1,-1,-1,-1,-1,-1,-0.0426,3,-1,-1,1,-1,-1,-1,-1,1,-1,-1,-1,-1,-1,1,-1,-1,-1,-1,4,2,2,-1,1,-1,-1,-1,-1,0.42,0.2,0.45,0.31,-1,0.23,-1,-0.64,-0.39,0.42,-0.77,-1,-0.38,0.58,-0.53,-0.76,-0.68,-0.54,-0.64,0.61,-0.64,-0.99,0.76,-0.53,0.47,0.41,0.51,0.66,-0.45,0.46,0.55,0.24,-0.47,-0.49,-0.66,-0.56,-0.59,0.1,0.67,0.27,-0.94,-0.91,0.72,-0.66,0.72,-0.96,-0.63,0.27,0.23,-0.31,-0.48,-0.58,0.58,0.01,-0.3,0.39,-0.71,-0.64,-0.7,-0.55,0.25,-0.58,0.23,-0.5,0.69,-0.4,0.31,-0.37,-0.62,0.54,-0.53,-0.55,0.2,-0.55,0.36,-0.73,-0.58,-0.48,0.61,-0.77,-0.6,0.43,-0.35,-0.39,-0.74,0.23,-0.73,0.38,-0.58,-0.58,0.1,-0.65,-0.51,-0.72,0.35,0.36,-0.78,-0.69,-0.62,-0.69,-0.71,0.14,-0.74,-0.79,0.55,0.44,-0.72,0.17,-0.67,0.29,-0.57,-0.53,-0.55,-0.67,0.16,-0.5,-0.86,-0.52,-0.57
-0.155,-1,-1,1,-1,-1,-1,-1,-1,-1,1,-1,-1,1,-1,-1,-1,1,-1,-1,-1,-1,1,-1,-1,1,-1,1,-1,-1,-1,-1,-1,-1,-1,-0.00775,3,-1,-1,1,-1,-1,-1,1,1,1,-1,1,-1,-1,-1,-1,-1,-1,-1,4,0,1,1,-1,-1,-1,-1,-0.77,-0.86,0.36,0.37,0.12,-1,-1,0.17,-1,0.12,0,0,-1,-0.51,0.48,-1,-0.7,-0.86,-0.85,0.58,-1,-0.02,-0.03,-0.03,-0.64,0.01,-0.7,0.01,-0.44,-1,0.28,-0.92,-0.92,-1,-1,-0.01,-1,-0.99,-0.8,0.5,-1,-0.68,-1,0.38,-1,-0.8,-0.67,-0.97,-0.98,-0.01,-0.99,-0.98,-0.02,-1,-1,-1,0.39,-0.66,-1,-0.99,-0.97,-0.99,-0.99,0.43,-0.99,0.17,-0.99,-0.04,-0.98,-0.99,0.42,-0.99,-0.97,0.62,-0.01,0.45,-0.99,-0.98,-1,0.3,-0.01,-0.98,-0.99,0.02,0.39,-1,0.34,-0.98,0.44,-0.99,-1,0.37,0,-0.98,-0.81,-0.99,0.02,0.51,-1,0.01,-0.98,-1,-0.98,0.29,0.24,-0.98,-0.98,-0.97,-0.99,-0.02,-1,-0.98,-0.97,-1,0,0.44,-0.99,-0.99,-0.97,-0.01
0.017,-1,-1,1,-1,-1,-1,-1,-1,-1,1,-1,-1,1,-1,-1,-1,1,1,-1,-1,-1,-1,-1,-1,2,-1,-1,-1,-1,-1,1,-1,-1,-1,0.00085,5,-1,-1,1,-1,1,-1,-1,1,-1,-1,1,-1,-1,-1,-1,-1,-1,-1,2,3,2,-1,-1,-1,1,-1,-0.93,0.07,0.72,0.39,0.34,0.27,0.32,-0.62,-0.85,0.65,-0.77,-0.87,-0.84,0.05,0.52,0.02,-0.9,-0.89,0.24,0.03,0.52,0.31,-0.94,-0.91,0.56,-0.03,-0.89,-0.9,0.55,0.37,0.03,0.46,0.45,-0.84,-0.92,0.52,-0.82,0.35,-0.89,0.22,-0.92,-0.87,-0.91,0.08,0.55,-0.92,-0.8,0.02,0,-0.03,0.7,-0.84,-0.83,0.03,0.38,-0.94,-0.88,0,0.55,-0.87,-0.88,0.23,0.46,-0.95,-0.87,-0.01,-0.01,-0.89,0.72,-0.95,0.58,-0.91,-0.95,-0.93,-0.95,0.67,0.51,0.53,-0.03,-0.01,0.07,-0.89,-0.94,-0.94,-0.92,-0.94,-0.99,0.6,0.45,-0.94,0.78,0.31,0.04,-0.02,0.02,0.01,0.33,-0.52,-0.98,-0.99,-0.95,-0.96,-0.96,-0.94,-0.97,0.82,-0.91,-0.97,-0.96,-0.97,0.47,-0.93,-0.91,-0.97,-0.92,0.02,-0.92,-0.94,0.24,-0.01
-0.359,-1,-1,1,-1,-1,-1,-1,-1,-1,-1,1,-1,1,-1,-1,-1,1,-1,-1,-1,-1,-1,1,-1,1,-1,-1,1,-1,-1,-1,-1,-1,-1,-0.01795,5,-1,1,1,1,-1,-1,1,1,1,-1,-1,-1,-1,-1,-1,-1,1,-1,4,0,1,1,-1,-1,-1,-1,-0.76,-0.5,0.18,0.74,0.85,-0.99,-0.61,0.46,-0.48,-0.3,0.11,-0.64,-0.59,-0.75,-0.51,-0.89,0.57,0.9,-0.24,0.92,-0.78,0.12,-0.72,-0.51,-0.79,-0.76,-0.85,-0.2,-0.79,-0.79,-0.98,0.11,-0.44,-0.9,-0.71,-0.8,-0.84,0.22,0.21,-0.55,-0.39,-0.98,-0.82,-0.51,-0.28,0.64,-0.97,0.24,-0.46,0.16,-0.42,-0.81,-0.76,0.2,-0.83,-0.78,-0.98,0.15,-0.93,-0.95,-0.71,-0.13,0.14,-0.85,0.6,0.08,0.53,0.11,-0.35,-0.94,-0.73,-0.68,-0.98,-0.48,-0.24,-0.7,0.31,-0.39,0.12,-0.96,-0.98,-0.97,-0.83,0.18,-0.84,-0.96,-0.89,-0.99,-0.41,-0.99,-0.34,0.07,0.24,0.27,0.2,-0.5,-0.39,-0.97,0.53,-0.71,-0.89,-0.74,-0.9,-0.73,-0.94,0.21,-0.33,0.28,0.77,-0.72,-0.55,-0.75,-0.98,-0.64,-0.76,-0.99,-0.11,0.4,-0.22,0.74
-0.793,-1,-1,1,-1,-1,-1,-1,-1,-1,1,-1,-1,1,-1,-1,-1,-1,-1,-1,-1,-1,1,-1,-1,3,-1,-1,-1,-1,-1,1,-1,-1,-1,-0.03965,5,1,-1,1,1,1,-1,-1,-1,-1,-1,1,-1,-1,-1,-1,-1,-1,-1,4,3,2,-1,1,-1,-1,-1,-0.95,-0.96,0.14,0.11,-0.43,-0.96,-0.83,-0.85,-0.24,-0.01,-0.27,-0.01,-0.63,0.07,0.14,0.15,-0.73,-0.8,-0.28,0.25,0.39,0.33,-0.89,0.44,0.42,0.35,-0.49,-0.23,0.03,-0.08,0.34,-0.77,0.17,-0.85,0.21,-0.8,-0.39,-0.63,-0.16,0.35,0.35,0.29,-0.77,0.35,0.1,-0.77,-0.75,0.27,0.33,0.27,0.56,-0.4,0.29,-0.6,0.27,-0.76,-0.96,0.29,0.06,-0.91,-0.96,0.17,-0.01,0.15,0.02,0.15,-0.42,-0.8,-0.18,-0.94,-0.16,0,-0.99,-0.45,-0.96,0.74,0.08,-0.86,-0.02,-0.96,0.05,-0.96,-0.96,-0.99,0.06,-0.97,-0.79,0.12,-0.9,-0.97,0.1,0.09,-0.22,0.35,-0.01,0,0.19,0.07,-0.99,-0.01,-0.96,-0.55,-1,0.09,0.11,0.21,0.22,0.46,0.16,0.51,0.38,-0.02,-0.98,-0.74,0.02,-0.96,0.35,0.09,0.11,0.16
0.089,-1,-1,1,-1,-1,-1,-1,-1,-1,1,-1,-1,1,-1,-1,-1,1,-1,-1,-1,-1,-1,-1,1,4,-1,1,-1,-1,-1,-1,-1,-1,-1,0.00445,3,-1,-1,-1,-1,1,-1,1,-1,-1,-1,1,-1,-1,-1,-1,-1,-1,-1,3,2,2,-1,1,-1,-1,-1,-0.79,-0.8,-0.81,-0.73,0.73,-0.68,-0.95,-0.77,-0.68,0.24,-0.93,-0.8,-0.77,0.39,-0.71,-0.72,-0.62,-0.97,-0.71,0.32,-0.78,-0.83,-0.8,-0.48,-0.72,-0.77,-0.65,-0.66,-0.7,-0.45,-0.66,-0.68,0.42,-0.78,-0.72,-0.9,-0.91,-0.84,-0.82,-0.78,0.31,-0.97,-0.9,-0.86,-0.82,-0.94,0.43,-0.88,-0.91,-0.91,-0.83,-0.8,-0.91,-0.86,-0.89,-0.79,-0.99,-0.81,-0.8,-0.82,-0.59,-0.53,-0.52,-0.33,-0.35,0.13,-0.27,-0.35,0.11,0.23,-0.36,-0.42,0.19,-0.38,-0.4,0.24,-0.31,-0.59,-0.47,-0.28,0.15,-0.13,-0.22,-0.33,-0.4,-0.4,0.56,-0.32,-0.35,-0.4,0.27,-0.5,-0.44,-0.51,-0.31,-0.5,-0.46,-0.84,-0.42,-0.4,-0.6,-0.68,-0.74,-0.56,-0.55,-0.51,-0.54,-0.59,0.55,-0.44,-0.55,-0.41,-1,-0.52,-0.42,-0.98,-0.53,-0.95,-0.76,-0.55
-0.326,-1,-1,1,-1,-1,-1,-1,-1,-1,-1,1,-1,1,-1,-1,-1,-1,-1,1,-1,-1,-1,-1,-1,2,-1,1,-1,-1,-1,-1,-1,-1,-1,-0.0163,4,-1,-1,1,1,1,1,1,1,1,-1,1,-1,-1,-1,-1,-1,-1,-1,4,0,2,1,-1,-1,-1,-1,-0.8,-0.11,0.47,0.16,0.35,-0.88,-0.45,-0.41,-0.49,0.07,0.15,-0.44,-0.53,0.26,0.52,-0.63,-0.41,0.38,0.16,0.16,0.15,-0.27,-0.8,0.17,0.09,-0.17,0.45,0.71,0.21,0.17,-0.74,-0.13,-0.73,-0.61,-0.28,-0.28,0.1,-0.5,-0.45,0.27,0.18,-0.82,-0.57,0.23,-0.32,-0.2,-0.24,0.08,0.53,0.15,0.11,-0.24,0.08,-0.3,-0.47,-0.23,-0.77,-0.13,-0.49,-0.54,-0.37,0.19,-0.2,0.2,0.11,0.09,0.21,-0.23,0.29,-0.48,0.16,-0.36,-0.22,-0.26,-0.75,0.2,0.46,-0.28,-0.23,-0.52,-0.38,-0.75,-0.56,-0.52,0.15,0.15,0.4,-0.46,0.09,-0.76,-0.13,0.08,0.44,0.24,0.31,0.18,0.24,0.11,-0.43,0.22,-0.45,-0.59,0.16,-0.13,-0.4,0.25,0.52,0.19,0.26,-0.29,0.54,-0.4,-0.96,0.29,-0.18,-0.84,0.37,-0.38,0.16,0.28
0.75,-1,-1,1,-1,-1,-1,1,-1,-1,-1,-1,-1,1,-1,-1,-1,1,-1,-1,-1,-1,1,-1,-1,0,-1,-1,-1,-1,-1,1,-1,-1,-1,0.0375,5,-1,1,-1,1,1,-1,-1,1,1,-1,1,-1,-1,-1,-1,-1,-1,-1,3,0,1,1,-1,-1,-1,-1,-1,-1,0.16,0.46,-1,-1,-1,-1,-1,0.56,-0.72,-1,-0.99,0.28,-0.61,0.74,-1,-1,0.18,-0.99,0.82,-1,-0.99,-0.99,-0.99,0.56,-0.98,-0.99,-0.99,-1,0.99,0.99,-0.99,-1,-0.99,-0.99,0.32,-0.99,-0.98,-0.99,0.81,-0.99,-0.99,0.76,-0.98,-0.98,-1,0.12,-0.99,-0.99,0.09,-0.98,-0.99,0.29,-0.99,-0.99,-1,0.45,-0.99,-0.99,-0.97,-0.99,0.13,0.9,0.75,0.33,0.9,-0.98,-0.99,-0.98,0.99,-0.98,-0.98,0.98,0.34,-0.99,0.75,-0.99,-0.99,-0.99,-0.99,-0.99,-0.99,-0.99,-0.99,-0.98,-0.99,-0.98,-1,0.61,0.34,-0.98,-0.99,-0.98,-0.81,-0.69,0.24,0.15,-0.98,-0.98,-0.97,-0.99,-0.99,-0.98,-0.99,0.42,-0.98,0.54,-0.99,-0.98,0.37,-0.99,-0.99,-0.99,0.22,-0.99,-0.99,-1,-0.99,-0.98
-0.752,-1,-1,1,-1,-1,-1,-1,-1,-1,1,-1,-1,1,-1,-1,-1,-1,-1,-1,-1,-1,1,-1,-1,3,-1,-1,-1,-1,-1,-1,-1,-1,1,-0.0376,3,1,-1,1,1,-1,1,-1,1,-1,-1,-1,-1,1,-1,-1,-1,-1,-1,4,3,2,-1,1,-1,-1,-1,0.26,0.05,0.45,-0.72,0.62,-0.97,0.28,-0.11,-0.97,-0.68,-0.65,-0.73,-0.97,-0.93,0.38,-0.98,-0.98,0.74,-0.98,-0.66,-0.96,0.33,0.63,0.69,0.91,0.71,-0.7,-0.81,0.26,-0.79,-0.46,0.56,0.34,-0.84,-0.95,-0.66,-0.97,-0.99,-0.85,0.52,-0.48,0.46,0.11,0.34,0.61,0.9,-0.95,0.1,-0.51,0.02,-0.85,0.32,-0.56,-0.71,-0.75,-0.84,-0.97,-0.85,-0.7,-0.8,-0.91,-0.84,-0.9,-0.9,-0.88,-0.84,0.86,-0.72,-0.94,-0.83,0.79,-0.85,-0.92,-0.36,-0.46,-0.66,-0.61,-0.88,-0.71,-0.94,-0.72,-0.65,-0.89,-0.88,-0.67,-0.86,-0.77,-0.82,0.28,-0.75,-0.72,-0.93,-0.73,-0.83,-0.85,-0.7,-0.61,-0.99,-0.97,-0.8,-0.81,-0.97,0.64,-0.62,-0.79,-0.77,-0.51,-0.83,-0.97,-0.8,-0.78,-0.59,-0.81,-0.71,-0.69,-0.98,-0.76,-0.84,-0.53,0.95
-0.593,-1,-1,1,-1,-1,-1,-1,-1,-1,-1,1,-1,1,-1,-1,-1,-1,-1,-1,1,-1,-1,-1,-1,0,-1,-1,-1,-1,-1,-1,-1,-1,1,-0.02965,4,1,-1,1,-1,1,1,-1,1,1,-1,1,-1,-1,-1,-1,-1,-1,-1,3,0,2,-1,1,-1,-1,-1,-0.99,0.91,0.37,0.36,0.19,0.04,0.35,0.33,0.37,0.56,0.52,0.44,0.22,0.09,0.96,0.91,-0.26,0.68,0.89,0.9,0.37,0.83,-0.35,0.51,0.74,0.56,0.79,0.71,0.49,0.77,0.75,0.76,0.51,0,0.57,0.45,0.63,0.64,-0.23,0.79,0.53,0.5,0.6,0.69,0.1,0.61,0.26,0.61,0.92,0.73,0.79,0.17,0.82,0.72,0.62,0.56,0.16,0.52,0.56,0.46,0.58,0.42,0.48,0.32,0.66,0.76,0.79,0.1,0.78,-1,0.24,0.21,-0.99,0.42,0.11,0.75,0.64,0.4,0.75,-0.35,0.34,-0.98,0.58,0.85,-1,0.17,0.25,0.9,0.84,0.73,0.83,0.56,0.77,0.62,0.54,0.09,0.38,0.75,-0.64,0.96,-0.69,0.34,0.73,0.4,0.18,0.79,0.6,0.71,0.77,0.82,0.66,-0.17,-0.99,0.4,0.77,0.56,0.55,0.59,0.88,0.3
-0.704,-1,-1,1,-1,-1,-1,-1,1,-1,-1,-1,-1,1,-1,-1,-1,-1,-1,-1,-1,-1,1,-1,-1,0,-1,-1,-1,-1,-1,-1,-1,-1,1,-0.0352,4,1,-1,1,1,1,1,1,1,1,-1,1,-1,-1,-1,-1,-1,-1,-1,4,3,2,-1,1,-1,-1,-1,0.09,0.31,-0.11,-0.23,0.29,0.44,-0.1,-0.31,0.27,-0.38,0.26,-0.77,-0.75,-0.35,0.11,-0.45,-0.63,0.49,-0.8,-0.06,-0.97,0.13,0.11,-0.66,0.28,-0.9,0.19,0.56,-0.31,-0.85,-0.79,-0.85,-0.24,0.01,-0.19,-0.39,-0.67,0.3,-0.66,-0.16,0.12,0.23,-0.49,0,-0.56,-0.34,-0.91,-0.37,-0.65,0.1,0,0.08,0.48,-0.49,0.08,-0.28,-0.21,0.01,-0.53,0.11,-0.68,0.06,-0.91,-0.96,-0.2,-0.49,-0.87,0.23,-0.49,0,-0.12,0.24,0.11,-0.41,-0.88,0.23,0.49,-0.61,0.36,-0.76,-0.82,0,0.15,0.45,0.07,-0.38,-0.46,0.11,0.37,0.11,-0.69,0.24,0.47,-0.61,-0.67,-0.74,-0.42,-0.57,-0.31,-0.14,-0.56,-0.01,0.08,-0.93,0.14,0,0.09,-0.21,-0.18,0.14,-0.54,0.17,-0.01,-0.98,0.09,0.1,-0.38,-0.91,-0.02,0.11
-0.512,1,-1,-1,-1,-1,-1,-1,-1,-1,1,-1,1,-1,-1,-1,-1,-1,-1,-1,-1,1,-1,-1,-1,0,-1,-1,1,-1,-1,-1,-1,-1,-1,-0.0256,4,1,1,1,1,1,1,1,1,1,-1,-1,-1,-1,1,-1,-1,-1,-1,4,0,0,-1,-1,-1,-1,1,-0.82,-0.93,-0.61,-0.97,-0.96,-0.92,-0.82,-0.98,-0.98,-0.64,-0.94,-0.61,-0.83,-0.89,-0.93,-0.77,-0.99,0.28,-0.9,0.48,-0.36,-0.69,-0.39,-0.97,-0.83,-0.43,-0.94,-0.34,-0.55,-0.9,-0.77,-0.32,-0.88,-0.04,-0.95,-0.98,-1,-0.96,-0.95,-0.91,-0.93,-1,-0.93,-0.89,-0.53,-0.58,-0.83,-0.73,-0.97,-0.94,-0.94,-0.95,-0.98,-0.95,-0.7,-0.44,0.12,-0.95,-0.95,-0.95,-0.92,-0.94,-0.87,-0.94,-0.7,-0.7,-0.47,0.13,-0.83,-1,-0.71,-0.96,-0.89,-0.42,0.18,-0.93,-0.17,-0.93,-0.9,-0.98,-1,-0.98,-0.94,-0.9,-0.42,-0.93,0.11,-0.95,-0.96,-0.94,-0.71,0.18,-0.93,-0.97,-0.92,-0.92,-0.84,-0.96,-0.38,-0.98,-0.97,-0.93,-0.24,-0.85,-0.61,-0.45,-0.82,-0.94,0.15,-0.92,-0.29,-0.99,-0.97,-0.9,0.26,-0.96,-0.95,-0.91,-0.78,-0.71
-0.881,-1,-1,1,-1,-1,-1,-1,-1,-1,1,-1,-1,1,-1,-1,-1,-1,-1,-1,-1,-1,1,-1,-1,3,-1,-1,-1,-1,1,-1,-1,-1,-1,-0.04405,3,-1,1,1,-1,-1,1,-1,1,-1,-1,-1,-1,-1,-1,1,-1,-1,-1,4,1,2,-1,1,-1,-1,-1,-0.71,0.61,0.41,0.15,0.69,0.13,-0.27,0.64,0.16,0.08,0.19,-0.26,-0.4,-0.11,0.44,-0.37,-0.51,0.48,0.13,0.83,-0.69,0.15,-0.91,0.31,0.55,-0.61,0.46,0.06,0.1,0.58,-0.97,0.42,0.49,0.26,0.65,0.16,0.09,0.61,0.1,0.12,0.08,-0.84,0.06,0.1,0.09,0.12,0.12,0.54,-0.69,0.08,0.16,-0.71,0.08,-0.59,-0.77,-0.9,-0.94,-0.92,0.45,-0.81,-0.85,0.23,0.29,-0.42,0.07,0.63,-0.31,0.1,-0.63,-0.97,-0.53,0.58,-0.84,-0.5,-0.42,0.52,0.77,0.34,0.33,0.17,-0.94,-0.96,0.12,0.16,-0.49,-0.75,-0.64,-0.98,0.3,-0.96,-0.46,0.49,0.37,-0.84,0.2,0.37,-0.91,0.65,-0.98,0.24,-0.57,0.7,-0.9,-0.88,-0.95,0.51,0.15,-0.22,0.69,0.42,-0.96,-0.92,-0.98,0.14,-0.47,-0.94,-0.93,-0.45,0.56,-0.57
-0.326,-1,-1,1,-1,-1,-1,-1,1,-1,-1,-1,-1,1,-1,-1,-1,-1,-1,-1,-1,-1,1,-1,-1,3,-1,-1,-1,-1,1,-1,-1,-1,-1,-0.0163,5,1,-1,1,1,1,-1,-1,-1,1,-1,1,-1,-1,-1,-1,-1,-1,-1,2,3,2,-1,1,-1,-1,-1,-0.44,-0.41,0,0.01,-0.28,-0.45,-0.5,-0.67,-0.54,0,0.46,-0.56,-0.53,-0.71,0.44,-0.76,-0.95,-0.81,0.49,0.46,0.42,0.43,-0.95,-0.51,0.56,0.6,0.5,-0.71,0,-0.69,0.4,0.41,-0.8,-0.7,-0.93,-0.72,0.61,0.5,-0.63,0.58,0.53,-0.96,-0.98,0.53,-0.8,-0.95,-0.73,0.12,-0.84,0.62,0.55,-0.96,0.47,-0.76,0.43,-0.98,-0.96,-0.96,-0.97,-0.97,0.11,0.15,0.14,-0.7,0.47,0.44,0.81,-0.88,0.5,-0.79,0.37,0.1,-0.65,-0.02,-0.88,0.58,0.1,-0.82,0.42,-0.78,-0.95,-0.95,-0.95,0.49,-0.98,-0.95,-0.97,-0.98,-0.96,-0.97,0.65,0.19,0.45,-0.75,0.23,0.17,0.29,0.29,-0.97,0.25,0.14,-0.94,-0.02,0.53,0.16,0.16,0.66,-0.57,-0.99,-0.85,-0.84,-0.9,-0.87,0.21,0.5,-0.68,-0.81,-0.85,0.33,-0.89
-0.086,-1,1,-1,-1,-1,-1,-1,-1,1,-1,-1,-1,-1,1,-1,-1,1,-1,-1,-1,-1,1,-1,-1,3,-1,-1,-1,-1,1,-1,-1,-1,-1,-0.0043,3,1,-1,1,1,-1,-1,1,1,-1,-1,1,-1,-1,-1,-1,-1,-1,-1,2,0,1,-1,-1,1,-1,-1,-0.75,-1,-0.14,0.17,-0.72,-0.72,-0.74,-0.99,-0.89,0.03,-0.28,-0.7,-0.53,0.12,0.08,0.44,-0.19,-0.61,-0.15,-0.08,-1,0.1,-0.16,-0.11,0.1,0.14,0.15,0.13,0.16,-0.15,-0.32,-0.09,-0.3,-0.61,-0.62,-0.2,0.06,0.07,-0.35,0.25,0.13,-0.15,-0.7,0.08,0.14,0.28,-0.52,0.11,-0.22,0.11,-0.09,-0.59,0.08,0.21,-0.23,-0.8,-0.68,0.07,-0.52,-0.72,-0.27,0.08,-0.56,-0.75,-0.12,-0.3,0.09,0.68,-0.16,-0.64,-0.21,-0.08,-1,0.07,-0.21,0.06,-0.76,-0.19,-0.12,-0.3,-0.6,-0.73,-0.4,-0.74,-0.75,-0.96,-0.16,-0.33,-0.32,-0.68,-0.13,-0.42,0.23,0.11,-0.48,-0.8,-0.13,0.08,-0.8,0.31,-0.13,-0.8,-0.19,-0.3,-0.59,0.07,0.08,-0.43,-0.65,0.13,-0.58,-0.49,-0.42,-0.17,0.09,-0.64,-0.58,-0.77,-0.14,-0.68
0.768,-1,1,-1,-1,-1,-1,-1,-1,1,-1,-1,-1,-1,1,-1,-1,1,-1,-1,-1,-1,-1,-1,1,2,-1,-1,-1,-1,1,-1,-1,-1,-1,0.0384,3,-1,1,-1,-1,-1,1,-1,1,1,-1,1,-1,-1,-1,-1,-1,-1,-1,3,0,1,1,-1,-1,-1,-1,0.11,-0.69,0.11,0.42,0.12,-0.67,0.07,-0.13,0.09,-0.81,-0.83,-0.38,-0.93,-0.9,0.43,-0.78,0.52,-0.98,-0.97,0.67,-0.82,0.21,-0.74,0.09,-0.82,0.07,-0.99,-0.91,-0.95,0.08,0.16,0.09,0.49,-0.83,-0.89,0.08,0.08,0.14,-0.16,0.08,0.09,-0.17,-0.91,0.07,-0.14,-0.13,0.1,-0.15,-0.56,0.14,0.14,-0.97,0.11,0.44,0.07,-0.98,-0.99,0.18,-0.87,-0.4,-0.99,-0.95,-0.98,-0.97,-0.31,-0.95,-1,-0.99,-0.8,-0.94,-0.78,-0.42,-0.72,-0.95,-0.97,0.18,0.4,-0.73,-0.44,0.15,0.32,-0.83,0.08,-0.97,0.06,-0.97,-0.82,-0.97,0.1,0.09,-0.98,-0.32,0.76,-0.93,0.08,-0.18,-0.32,0.17,-0.86,0.02,0.07,0.06,0.06,-0.96,0.46,0.55,-0.78,-0.77,1,0.12,-0.8,-0.96,0.17,0.32,-0.11,0.78,-0.5,0.05,-0.51,0.08
-0.209,-1,-1,1,-1,-1,-1,-1,1,-1,-1,-1,-1,1,-1,-1,-1,1,-1,-1,-1,-1,1,-1,-1,5,-1,1,-1,-1,-1,-1,-1,-1,-1,-0.01045,5,-1,-1,1,1,1,-1,1,1,1,-1,1,-1,-1,-1,-1,-1,-1,-1,2,1,2,-1,1,-1,-1,-1,-0.5,-0.46,0.54,0.74,0,0.47,0.27,-0.25,0.07,0.5,1,0.1,0.01,0.33,0.68,0.46,-0.56,-0.29,1,1,0.65,0.22,-0.66,0.25,0.81,0.36,0.5,0.52,0.51,1,1,1,0.01,-0.34,-0.01,1,0.37,0.28,-0.13,1,1,1,-0.21,0.85,-0.37,0.33,-0.47,0.36,0.7,1,0.18,-0.72,-0.59,0.17,1,-0.76,-0.53,1,0.55,-0.08,-0.84,0.76,-0.21,0.01,0.53,0.75,1,-0.3,0.37,0,-0.14,-0.1,-0.81,0.11,0.42,0.75,0.67,-0.5,0.81,0.23,0.09,-0.96,1,0.08,-0.21,-0.34,-0.54,0.14,1,-0.42,0.63,-0.55,0.84,0.17,0.48,0.44,0.7,0.45,-0.78,1,-0.75,-1,-0.68,-0.05,-0.14,0.69,0.68,-0.29,0.08,0.62,0.57,-0.42,-0.08,0.86,1,-0.53,-0.43,-0.41,0.74,-0.54
-0.271,-1,-1,-1,-1,1,-1,-1,-1,1,-1,-1,-1,-1,-1,-1,1,-1,-1,-1,-1,-1,1,-1,-1,2,-1,-1,-1,-1,1,-1,-1,-1,-1,-0.01355,3,-1,1,-1,1,-1,-1,-1,1,1,-1,-1,-1,1,-1,-1,-1,-1,-1,4,0,0,1,-1,-1,-1,-1,-0.42,0.53,0.73,-0.31,0.6,-0.41,0.64,0.83,0.92,0.7,0.57,0.76,0.74,0.25,0.83,0.39,0.62,0.81,0.85,0.96,0.59,0.89,0.77,0.88,0.84,0.64,0.77,0.63,0.88,0.9,0.88,0.91,0.25,0.8,0.9,0.89,0.9,0.84,0.71,0.9,0.75,-0.25,0.73,0.84,0.77,0.9,0.88,0.84,0.9,0.91,0.88,0.84,0.9,0.93,0.89,0.43,0.21,0.93,0.8,0.92,0.88,0.8,0.63,0.97,0.81,0.64,0.92,0.93,0.96,-0.71,0.89,0.9,-0.45,0.75,0.86,0.93,0.69,0.86,0.88,0.98,0.82,-0.98,0.63,0.88,0.12,0.82,0.94,0.83,0.94,0.94,0.92,0.83,0.94,0.96,0.23,0.79,0.91,0.92,0.61,0.92,0.73,0.88,0.85,0.91,0.95,0.9,0.45,0.43,0.9,0.91,0.72,0.92,0.88,1,0.87,0.5,0.92,0.94,0.98,0.79
-0.412,-1,-1,-1,-1,-1,1,-1,1,-1,-1,-1,-1,1,-1,-1,-1,-1,-1,-1,-1,-1,1,-1,-1,2,-1,-1,-1,-1,-1,-1,1,-1,-1,-0.0206,2,1,-1,-1,1,-1,-1,-1,1,-1,-1,-1,1,-1,-1,-1,-1,-1,-1,3,1,1,-1,1,-1,-1,-1,0.12,0.98,0.98,0.75,-0.6,0.02,0.73,0.28,-0.47,0.82,-0.32,-0.23,0.48,0.62,0.47,0.91,0.28,0.62,0.54,-0.46,0.47,0.53,0.76,-0.44,0.35,0.46,-0.18,-0.49,0.46,0.45,0.45,0.45,0.33,0.3,0.5,0.39,0.41,-0.04,0.2,0.34,0.25,0.02,0.37,0.11,0.07,-0.5,-0.64,0.06,0.22,0.09,0.07,0.14,0.14,0.27,-0.28,0.38,-0.91,0.12,-0.92,0.24,-0.35,0.27,0.29,0.41,0.75,0.37,0.35,0.35,0.55,0.29,-0.24,-0.02,-0.03,0.09,0.07,0.16,0.69,0.5,0.49,0.95,0.89,-0.27,0.07,0.02,-0.02,0.21,0.31,0.02,0.96,-0.42,-0.91,0.44,0.5,0.28,0.54,0.51,0.43,0.31,-0.71,-0.02,0.33,0.38,0.84,0.21,-0.12,-0.01,0,0.24,0.7,0.32,0.37,-0.69,-0.84,-0.02,0.48,-0.41,0.11,0.63,0.19,0.33
-0.005,-1,-1,1,-1,-1,-1,-1,-1,-1,-1,1,-1,1,-1,-1,-1,-1,-1,-1,1,-1,-1,-1,-1,4,-1,-1,-1,1,-1,-1,-1,-1,-1,-0.00025,4,-1,1,-1,-1,1,-1,-1,1,-1,-1,1,-1,-1,-1,-1,-1,-1,-1,4,2,2,-1,1,-1,-1,-1,-1,0.1,0.4,0.2,0.6,0.8,-0.99,-0.8,0.4,0.2,-0.8,-0.9,-1,-1,0.9,-0.95,0.1,-0.41,-0.89,0.9,-0.4,-0.25,-1,-0.1,0.4,0.49,-0.7,-0.25,-0.4,0.8,-0.75,0.1,0.1,0.45,-0.1,-0.14,0.36,0.12,1,1,0.75,0.25,-0.8,0.9,0.7,0,-0.86,0.11,0.16,0.27,0.23,0.15,0.6,-0.75,0.75,-0.5,-0.99,-0.2,1,-0.5,-1,0.9,-0.51,-0.8,0.3,0.75,0.8,-0.1,0.75,-0.99,-0.51,0.51,-0.96,0.15,-0.1,1,0.2,-1,0.8,-1,-1,-1,0.2,0.9,-1,0.4,-0.9,-0.96,0.5,-0.84,0.12,0.4,0.81,0.08,0.05,-0.1,0.3,-0.14,-1,0.1,0.2,0.08,-0.09,0.31,0.41,0.5,0.1,0.25,0.3,0.55,-1,0.3,-1,0.25,0.3,0.1,-0.6,-1,0.35,-0.1
0.053,-1,-1,-1,1,-1,-1,-1,-1,-1,1,-1,-1,-1,1,-1,-1,1,-1,1,-1,-1,-1,-1,-1,5,-1,-1,-1,1,-1,-1,-1,-1,-1,0.00265,2,1,1,1,1,1,1,1,1,1,-1,-1,-1,1,-1,-1,-1,-1,-1,4,3,2,-1,1,-1,-1,-1,0.42,0.62,0.47,0.65,0.59,0.62,0.34,0.42,0.25,0.45,0.6,0.36,0.38,0.5,0.29,0.46,0.32,0.64,0.56,-0.84,0.21,-0.34,0.34,0.4,0.21,0.47,0.27,0.59,0.58,0.3,0.56,0.27,-0.54,0.56,0.37,0.58,0.29,0.5,0.29,0.48,0.39,0.49,0.69,0.42,0.6,0.39,-0.53,0.58,0.46,0.62,0.33,0.68,0.39,0.55,0.27,0.47,-0.26,0.77,0.89,0.79,0.85,0.54,0.81,0.68,0.81,0.66,0.58,0.61,0.38,0.38,0.62,0.8,0.53,0.73,0.58,0.76,0.5,0.47,0.83,0.53,0.76,0.56,0.74,0.52,0.72,0.49,0.71,0.48,0.69,0.69,0.54,-0.25,0.49,0.64,0.54,0.7,0.56,-0.86,0.63,0.8,0.49,0.72,0.48,0.81,0.39,0.65,0.91,0.56,-0.09,0.66,0.71,0.56,0.32,0.34,0.57,0.3,0.52,0.89,0.47,0.35
-0.181,-1,-1,1,-1,-1,-1,-1,1,-1,-1,-1,-1,1,-1,-1,-1,-1,1,-1,-1,-1,-1,-1,-1,1,-1,-1,-1,-1,1,-1,-1,-1,-1,-0.00905,5,1,-1,1,1,-1,-1,-1,1,1,-1,-1,-1,1,-1,-1,-1,-1,-1,4,1,1,-1,-1,1,-1,-1,-0.85,-0.81,0.53,0.36,0.18,0.73,-0.27,-0.78,0.11,0.55,0.21,-0.8,-0.47,0.41,0.86,0.32,-0.49,0.24,0.56,-0.6,0.17,-0.65,-0.78,-0.57,0.36,0.3,0.87,0.52,0.41,-0.22,0.44,0.54,-0.5,-0.9,-0.81,0.44,0.44,-0.61,-0.57,0.62,0.66,-0.58,-0.7,0.15,-0.9,0.67,0.23,0.41,-0.78,-0.58,0.64,-0.81,0.4,-0.86,0.35,0.28,-0.97,-0.85,-0.6,-0.83,-0.69,-0.77,0.19,-0.96,0.41,-0.3,0.52,0.32,0.53,-0.41,-0.59,-0.56,-0.93,0.73,0.49,0.56,-0.87,-0.67,-0.62,-0.58,-0.41,-0.94,-0.9,0.28,-0.91,-0.83,-0.98,0.16,-0.93,-0.89,0.39,-0.93,0.35,-0.65,-0.72,0.37,-0.68,-0.97,-0.91,-0.82,-0.92,-0.49,-0.76,-0.63,-0.93,0.48,0.44,-0.78,-0.98,-0.86,-0.71,-0.39,-0.68,0.89,0.44,-1,-0.56,-0.85,0.32,0.34
-0.572,-1,1,-1,-1,-1,-1,-1,-1,1,-1,-1,-1,-1,1,-1,-1,-1,1,-1,-1,-1,-1,-1,-1,1,-1,-1,-1,-1,1,-1,-1,-1,-1,-0.0286,2,1,1,1,1,1,1,1,1,1,-1,-1,-1,1,-1,-1,-1,-1,-1,4,2,1,-1,1,-1,-1,-1,-0.47,-0.42,-0.79,0.2,-0.61,0.2,-0.51,-0.27,0.1,-0.29,0.59,-0.46,0.11,-0.05,-0.29,0.16,-0.27,-0.6,-0.55,-0.25,-0.85,0.14,-0.42,0.15,0.21,0.26,0.29,-0.67,0.26,-0.61,0.1,-0.22,0.16,-0.66,0.25,-0.32,-0.69,-0.69,-0.69,0.44,-0.52,-0.53,-0.82,0.46,-0.57,-0.69,-0.48,0.39,0.19,0.38,-0.32,-0.49,0.02,-0.61,0.43,-0.7,0.02,-0.64,-0.73,-0.2,0.25,-0.56,0.34,-0.67,-0.39,0.38,-0.64,-0.58,0.17,-0.57,-0.72,0.35,-0.56,0.15,0.51,0.43,-0.66,-0.63,0.1,-0.5,-0.28,-0.61,0.39,-0.53,-0.39,-0.69,0.31,-0.74,-0.93,-1,-0.51,0.11,-0.56,0.09,0.15,-0.54,0.21,-0.18,-0.79,-0.59,0.21,-0.71,-0.86,0.25,-0.46,-0.48,0.68,0.12,0.19,-0.64,-1,-0.48,-0.69,-0.56,-0.09,0.11,-0.79,-0.62,0.08,0.33
-0.202,-1,-1,-1,1,-1,-1,-1,-1,1,-1,-1,-1,-1,-1,-1,1,-1,-1,-1,-1,-1,-1,-1,1,0,-1,1,-1,-1,-1,-1,-1,-1,-1,-0.0101,3,1,-1,1,1,1,-1,-1,-1,-1,-1,-1,-1,-1,-1,-1,-1,-1,1,3,1,1,-1,1,-1,-1,-1,0.3,0.25,0.23,-0.33,0.32,-0.22,0.36,-0.29,-0.44,-0.25,0.24,0.2,-0.44,0.32,0.31,0.27,0.15,0.36,0.26,0.23,-0.25,-0.33,0.49,-0.43,0.41,-0.42,0.31,0.71,-0.57,0.4,0.5,-0.57,0.28,-0.49,0.32,-0.3,-0.36,0.34,-0.52,0.22,-0.29,0.41,-0.32,0.32,-0.39,0.29,-0.53,0.24,-0.36,-0.29,0.38,-0.4,-0.27,-0.44,0.32,0.32,-0.76,-0.26,-0.24,0.32,0.27,0.37,0.35,-0.23,0.2,-0.51,0.15,0.37,-0.38,0.29,0.32,0.38,-0.46,0.25,0.44,-0.33,0.23,0.42,0.21,-0.19,0.38,0.37,0.37,0.32,0.43,-0.36,0.32,-0.39,0.23,0.32,-0.34,0.31,-0.83,0.35,0.28,0.21,0.59,0.28,0.3,-0.31,0.21,0.23,-0.32,0.28,-0.26,0.28,-0.3,0.27,0.31,0.24,0.36,-0.25,0.25,0.46,0.4,0.32,0.4,-0.27,0.21,-0.27
-0.564,-1,-1,1,-1,-1,-1,-1,-1,-1,1,-1,-1,1,-1,-1,-1,-1,-1,1,-1,-1,-1,-1,-1,5,-1,1,-1,-1,-1,-1,-1,-1,-1,-0.0282,5,-1,-1,1,-1,-1,1,-1,1,-1,-1,-1,-1,1,-1,-1,-1,-1,-1,2,1,2,-1,1,-1,-1,-1,-1,0.11,0.27,-0.19,0.09,-1,-0.07,0.2,0.22,-0.09,0.18,-0.24,-0.63,-0.85,-0.12,-0.62,-0.63,-0.07,0.11,0.65,-0.23,-0.36,-0.78,-0.33,0.64,0.15,0.35,-0.65,0.33,-0.41,-0.25,0.43,-0.14,0.21,-0.19,-0.15,0.1,-0.15,0.17,0.23,0.36,-0.52,-0.37,0.37,0.25,-0.44,0.16,0.14,-0.36,0.14,0.17,0.16,0.89,0.24,0.13,-0.15,-0.73,0.22,0.07,-0.19,-0.82,0.67,-0.2,0.49,0.25,0.44,0.94,-0.3,0.8,-0.78,0.1,0.62,-0.68,0.2,0.19,0.12,0.39,-0.51,0.31,-0.62,-0.14,-0.23,0.42,0.37,0.17,-0.31,0.15,0.2,0.4,-0.48,0.29,0.47,0.18,0.45,0.19,0.33,-0.16,-0.11,-0.96,0.31,-0.86,-0.97,0.31,0.17,-0.13,0.61,0.36,-0.27,0.1,0.14,0.16,-0.27,-0.54,0.37,-0.16,-0.4,0.28,0.15,0.46,0.16
0.067,-1,-1,-1,1,-1,-1,-1,-1,-1,1,-1,-1,-1,1,-1,-1,1,-1,1,-1,-1,-1,-1,-1,5,-1,-1,-1,-1,1,-1,-1,-1,-1,0.00335,2,1,1,1,-1,-1,-1,-1,1,-1,-1,1,-1,-1,-1,-1,-1,-1,-1,3,0,2,1,-1,-1,-1,-1,0.34,0.49,0.5,0.73,0.49,0.6,0.78,0.49,0.74,0.79,0.82,0.57,0.83,0.6,0.76,0.61,0.84,0.65,0.76,0.14,0.32,0.44,0.33,0.31,0.47,0.59,0.26,0.53,0.69,0.46,0.66,0.29,0.14,0.42,0.3,0.51,0.34,0.57,0.41,0.6,0.35,0.51,0.37,0.52,0.25,0.5,0.49,0.38,0.59,0.45,0.39,0.62,0.61,0.38,0.55,0.37,-0.07,0.35,0.68,0.76,0.37,0.65,0.43,0.21,0.43,0.68,0.42,0.57,0.37,0.52,0.41,0.57,0.32,0.64,0.42,0.52,0.11,0.65,0.4,0.47,0.4,0.61,0.41,0.59,0.43,0.52,0.13,0.46,0.5,0.36,0.33,0.17,0.32,0.28,0.52,0.44,0.63,0.07,0.37,0.27,0.52,0.63,0.47,0.58,0.42,0.6,0.36,0.55,0.3,0.56,0.37,0.49,0.37,0.55,0.38,0.11,0.31,0.67,0.43,0.65
0.158,-1,-1,1,-1,-1,-1,-1,1,-1,-1,-1,-1,1,-1,-1,-1,1,-1,-1,1,-1,-1,-1,-1,1,-1,1,-1,-1,-1,-1,-1,-1,-1,0.0079,5,-1,-1,-1,-1,1,-1,-1,1,1,-1,1,-1,-1,-1,-1,-1,-1,-1,4,0,1,1,-1,-1,-1,-1,-0.2,0.73,0.62,-0.78,0.57,-0.64,-0.62,-0.66,0.57,0.1,-0.82,-0.33,-0.47,0.08,0.29,-0.48,0.62,-0.98,0.61,0.62,0.14,-0.55,0.48,0.54,0.71,0.77,-0.37,-0.17,0.53,0.21,0.48,0.64,0.61,-0.44,0.32,0.64,0.09,-0.9,-0.68,0.97,0.69,-0.51,0.51,0.33,-0.53,0.75,-0.7,0.39,0.97,0.97,0.77,-0.65,0.27,0.74,0.78,-0.95,-0.97,0.96,-0.98,-0.96,-0.98,-0.79,-0.89,0.55,0.91,0.6,0.97,0.57,0.91,-0.96,0.96,0.85,-0.95,0.74,-0.7,0.97,0.22,-0.22,0.52,0.75,-0.78,-0.82,-0.75,0.53,0.8,0.67,0.51,0.61,0.98,-0.97,0.88,0.45,0.9,0.45,0.66,0.84,0.81,0.38,-0.95,0.64,-0.87,-0.91,0.88,0.41,0.59,0.75,-0.95,0.54,0.73,0.93,0.51,-0.97,-0.9,0.7,0.72,0.85,0.47,-0.95,-0.49,0.58
-1.276,-1,-1,1,-1,-1,-1,-1,-1,-1,1,-1,-1,1,-1,-1,-1,-1,-1,-1,-1,1,-1,-1,-1,1,-1,-1,-1,-1,-1,-1,1,-1,-1,-0.0638,3,-1,1,-1,1,1,1,1,-1,1,-1,-1,-1,1,-1,-1,-1,-1,-1,3,0,1,1,-1,-1,-1,-1,-1,-0.97,-0.98,-0.96,-0.02,-0.97,-0.99,0,-0.01,0.01,-0.97,-0.99,-1,-1,-0.96,0.01,-0.98,-0.99,-0.99,-0.01,-0.96,-0.98,-0.99,0.28,-0.99,-0.99,-0.99,-0.03,-0.96,-0.95,0.21,-1,0.14,0.01,-0.98,-0.99,-0.99,-0.96,-1,0.14,0.01,-0.96,-0.99,-0.97,-0.02,-1,-0.98,-0.98,-0.97,0.01,-0.99,0.35,-0.98,-1,-0.98,-0.99,0.41,-0.97,-0.03,-0.96,-0.97,-0.01,-0.97,-1,-0.97,-0.97,-0.99,-0.98,0.02,-0.98,-1,0.35,-0.97,0,-0.99,-0.99,0.01,-0.96,-0.01,-0.98,-0.96,-0.98,0.18,0.37,-0.98,-0.99,0.49,-0.99,-0.97,-0.98,-0.99,0.2,-0.02,-0.98,-0.98,-0.99,-1,0.34,-1,0,-0.98,-0.98,-0.01,-0.99,-0.97,-1,-1,-0.97,0.47,-0.98,-0.98,-0.97,-0.97,0.26,-1,-0.02,-0.98,-0.99,0.02,-1
